{"type": "FeatureCollection", "features": [{"type": "Feature", "properties": {"highway": "motorway", "surface": "asphalt"}, "geometry": {"type": "LineString", "coordinates": [[172.882899, -41.281019], [172.879541, -41.283192], [172.876417, -41.28569], [172.874784, -41.289342], [172.874194, -41.293298], [172.873512, -41.297239], [172.872426, -41.301089], [172.871974, -41.305064], [172.871162, -41.30898], [172.870677, -41.312951], [172.870301, -41.316933], [172.872084, -41.320513]]}}, {"type": "Feature", "properties": {"highway": "trunk", "surface": "asphalt"}, "geometry": {"type": "LineString", "coordinates": [[173.435127, -41.799596], [173.437241, -41.796201], [173.439536, -41.792925], [173.441404, -41.789387], [173.443105, -41.785767], [173.443768, -41.781823], [173.445021, -41.778024], [173.445138, -41.774025], [173.444704, -41.770049], [173.444078, -41.766098], [173.443037, -41.762236], [173.441447, -41.758566], [173.439606, -41.755015], [173.438986, -41.751063], [173.43927, -41.747073], [173.438288, -41.743196], [173.436787, -41.739488], [173.434232, -41.73641], [173.431699, -41.733314], [173.429317, -41.730101], [173.426149, -41.727658], [173.42356, -41.724609], [173.420654, -41.721861], [173.417751, -41.719109], [173.415316, -41.715936], [173.412942, -41.712716], [173.410254, -41.709754], [173.407309, -41.707047], [173.405219, -41.703636], [173.40264, -41.700579], [173.400815, -41.69702], [173.398726, -41.693608], [173.396432, -41.690332]]}}, {"type": "Feature", "properties": {"highway": "trunk", "surface": "asphalt"}, "geometry": {"type": "LineString", "coordinates": [[172.9157, -42.219924], [172.917629, -42.223428], [172.919453, -42.226988], [172.922318, -42.22978], [172.92472, -42.232978], [172.927582, -42.235773], [172.930741, -42.238227], [172.934507, -42.239576], [172.938486, -42.239984], [172.942484, -42.239862], [172.946315, -42.241012], [172.950222, -42.240154]]}}, {"type": "Feature", "properties": {"highway": "primary", "surface": "asphalt"}, "geometry": {"type": "LineString", "coordinates": [[172.409205, -41.94179], [172.405873, -41.944004], [172.402665, -41.946392], [172.398978, -41.947945], [172.395334, -41.949594], [172.39177, -41.951411], [172.388512, -41.953731], [172.385172, -41.955931], [172.381696, -41.957912], [172.378111, -41.959686], [172.3745, -41.961405], [172.371143, -41.963581], [172.367779, -41.965745], [172.363985, -41.967012], [172.360111, -41.968008], [172.356321, -41.969288], [172.353078, -41.97163], [172.34962, -41.97364], [172.345686, -41.974366], [172.342161, -41.976256], [172.338416, -41.977662], [172.334929, -41.979621], [172.331908, -41.982243], [172.328596, -41.984486], [172.324627, -41.984987], [172.321204, -41.987056], [172.317608, -41.988807], [172.313819, -41.990091], [172.310005, -41.991296], [172.306036, -41.991794], [172.302447, -41.993559], [172.298803, -41.99521], [172.295163, -41.996867], [172.291486, -41.998442], [172.288217, -42.000748], [172.284701, -42.002655]]}}, {"type": "Feature", "properties": {"highway": "primary", "surface": "asphalt"}, "geometry": {"type": "LineString", "coordinates": [[173.542889, -41.71859], [173.541011, -41.722122], [173.541007, -41.726122], [173.540459, -41.730084], [173.538549, -41.733599], [173.537045, -41.737305], [173.536444, -41.74126], [173.536208, -41.745253], [173.53687, -41.749198], [173.536827, -41.753197], [173.537311, -41.757168]]}}, {"type": "Feature", "properties": {"highway": "primary", "surface": "asphalt"}, "geometry": {"type": "LineString", "coordinates": [[174.072402, -41.628752], [174.075654, -41.626424], [174.079294, -41.624766], [174.081384, -41.621355], [174.08298, -41.617687], [174.084309, -41.613914], [174.085398, -41.610066], [174.08673, -41.606294], [174.088901, -41.602934], [174.089537, -41.598985], [174.08833, -41.595172]]}}, {"type": "Feature", "properties": {"highway": "secondary", "surface": "asphalt"}, "geometry": {"type": "LineString", "coordinates": [[172.507636, -41.685682], [172.506419, -41.681871], [172.504808, -41.67821], [172.503236, -41.674532], [172.502361, -41.670629], [172.502028, -41.666643], [172.501522, -41.662675], [172.502859, -41.658905], [172.504304, -41.655175], [172.505918, -41.651515], [172.508517, -41.648475], [172.510823, -41.645206], [172.513703, -41.64243], [172.517178, -41.64045], [172.521086, -41.639594], [172.525032, -41.63894], [172.528816, -41.640237], [172.532678, -41.641277], [172.5366, -41.642066], [172.540599, -41.642126], [172.544585, -41.641782], [172.548583, -41.641887], [172.552574, -41.64216], [172.556462, -41.641222], [172.560385, -41.640442], [172.564044, -41.638825], [172.567816, -41.637494], [172.571791, -41.637937], [172.575097, -41.640189], [172.578503, -41.642286], [172.581534, -41.644897], [172.585381, -41.645993], [172.58924, -41.647046], [172.593224, -41.647396], [172.597182, -41.646816], [172.601123, -41.646133], [172.605098, -41.645683], [172.609077, -41.645275]]}}, {"type": "Feature", "properties": {"highway": "secondary", "surface": "asphalt"}, "geometry": {"type": "LineString", "coordinates": [[173.546539, -42.247818], [173.547103, -42.251778], [173.546753, -42.255763], [173.546669, -42.259762], [173.546453, -42.263756], [173.54554, -42.267651], [173.544412, -42.271488], [173.542688, -42.275098], [173.542433, -42.27909], [173.543667, -42.282894], [173.544304, -42.286843], [173.545865, -42.290527], [173.548309, -42.293693], [173.551728, -42.29577], [173.55433, -42.298808], [173.556323, -42.302275], [173.556934, -42.306229], [173.558447, -42.309931], [173.559959, -42.313635], [173.562451, -42.316763], [173.564302, -42.320309], [173.564637, -42.324295], [173.565844, -42.328109], [173.565509, -42.332095], [173.56421, -42.335878], [173.56308, -42.339715], [173.563901, -42.34363], [173.563324, -42.347588], [173.562841, -42.351559], [173.562961, -42.355557]]}}, {"type": "Feature", "properties": {"highway": "secondary", "surface": "asphalt"}, "geometry": {"type": "LineString", "coordinates": [[173.928734, -42.067802], [173.932144, -42.065712], [173.93526, -42.063204], [173.937835, -42.060143], [173.940003, -42.056782], [173.942036, -42.053337], [173.945757, -42.05187], [173.949559, -42.050626], [173.953076, -42.048721], [173.956021, -42.046015], [173.959533, -42.044099], [173.962817, -42.041816], [173.966657, -42.040696], [173.96991, -42.038369], [173.973267, -42.036194], [173.976967, -42.034672], [173.980587, -42.03297], [173.984451, -42.031939], [173.988093, -42.030283], [173.99155, -42.028272], [173.994753, -42.025875], [173.998103, -42.02369], [174.001816, -42.022204], [174.005315, -42.020265], [174.008029, -42.017326], [174.010984, -42.014631], [174.014448, -42.01263], [174.017579, -42.01014], [174.021239, -42.008527], [174.024626, -42.006398], [174.027237, -42.003368], [174.029661, -42.000186], [174.032839, -41.997758], [174.036092, -41.995431], [174.039367, -41.993133], [174.042687, -41.990902], [174.046108, -41.988829], [174.04919, -41.986279]]}}, {"type": "Feature", "properties": {"highway": "secondary", "surface": "asphalt"}, "geometry": {"type": "LineString", "coordinates": [[173.301656, -41.491179], [173.300933, -41.495113], [173.30011, -41.499027], [173.299744, -41.50301], [173.30008, -41.506996], [173.300693, -41.510949], [173.301591, -41.514847], [173.300805, -41.518769], [173.301297, -41.522739], [173.30185, -41.5267], [173.302265, -41.530679], [173.304701, -41.533851], [173.308018, -41.536088], [173.311042, -41.538706], [173.314703, -41.540316], [173.318382, -41.541888], [173.322195, -41.543097], [173.326189, -41.543298], [173.330086, -41.542392], [173.333921, -41.541258], [173.33791, -41.541553], [173.341902, -41.541292], [173.345644, -41.542705], [173.349638, -41.542476], [173.353626, -41.542171], [173.357508, -41.543134], [173.360589, -41.545685], [173.364051, -41.547689], [173.367335, -41.549972], [173.370384, -41.552562], [173.373654, -41.554865], [173.376844, -41.557279], [173.380019, -41.559712], [173.382943, -41.562441], [173.386376, -41.564494], [173.390327, -41.565116], [173.394181, -41.566189], [173.398113, -41.566922]]}}, {"type": "Feature", "properties": {"highway": "secondary", "surface": "asphalt"}, "geometry": {"type": "LineString", "coordinates": [[172.557362, -42.159399], [172.555227, -42.156017], [172.553085, -42.152639], [172.550581, -42.14952], [172.54844, -42.146141], [172.545977, -42.142989], [172.543247, -42.140065], [172.5401, -42.137597], [172.536494, -42.135864], [172.532701, -42.137133], [172.529266, -42.139182], [172.525565, -42.1407], [172.521976, -42.142467], [172.518249, -42.143919], [172.514783, -42.145915], [172.511029, -42.147298], [172.508048, -42.149964], [172.504815, -42.15232], [172.50219, -42.155339], [172.499017, -42.157774], [172.496329, -42.160736], [172.492429, -42.161623]]}}, {"type": "Feature", "properties": {"highway": "tertiary", "surface": "asphalt"}, "geometry": {"type": "LineString", "coordinates": [[172.711397, -42.151671], [172.714512, -42.149162], [172.718381, -42.148145], [172.722336, -42.147546], [172.72628, -42.146882], [172.730277, -42.146736], [172.733744, -42.14474], [172.737605, -42.143696], [172.741538, -42.142969], [172.745284, -42.141565], [172.749283, -42.141457], [172.752926, -42.143108], [172.756915, -42.143406], [172.760898, -42.143039], [172.764898, -42.142963], [172.768896, -42.143071], [172.772886, -42.14278], [172.776687, -42.141535], [172.780596, -42.142384], [172.784157, -42.144206], [172.788096, -42.144901], [172.792044, -42.144257], [172.795905, -42.145301], [172.799393, -42.147259], [172.801666, -42.150551]]}}, {"type": "Feature", "properties": {"highway": "tertiary", "surface": "asphalt"}, "geometry": {"type": "LineString", "coordinates": [[173.116792, -41.506982], [173.115688, -41.510827], [173.114782, -41.514723], [173.114462, -41.51871], [173.116348, -41.522238], [173.117528, -41.52606], [173.118851, -41.529835], [173.119226, -41.533817], [173.117548, -41.537448], [173.116674, -41.541351], [173.116683, -41.545351], [173.116395, -41.549341], [173.115086, -41.553121], [173.114135, -41.557006], [173.113877, -41.560998], [173.112575, -41.56478], [173.11424, -41.568417], [173.115733, -41.572128], [173.117184, -41.575855], [173.120677, -41.577804], [173.124217, -41.579667], [173.128042, -41.580839], [173.131885, -41.581947], [173.135877, -41.581684], [173.139871, -41.5819]]}}, {"type": "Feature", "properties": {"highway": "tertiary", "surface": "asphalt"}, "geometry": {"type": "LineString", "coordinates": [[173.282631, -42.166471], [173.280776, -42.162928], [173.278039, -42.16001], [173.274091, -42.159372], [173.27011, -42.159769], [173.266283, -42.158607], [173.262363, -42.157814], [173.258403, -42.158383], [173.254624, -42.159694], [173.250706, -42.160502], [173.246719, -42.160819], [173.242721, -42.160959], [173.238945, -42.159641], [173.235459, -42.157679], [173.231963, -42.155736], [173.228794, -42.153295], [173.226874, -42.149786], [173.225853, -42.145918], [173.225846, -42.141918], [173.224768, -42.138066], [173.223549, -42.134256], [173.223041, -42.130289], [173.222241, -42.12637], [173.222504, -42.122378], [173.223357, -42.11847], [173.225068, -42.114855], [173.226584, -42.111153]]}}, {"type": "Feature", "properties": {"highway": "tertiary", "surface": "asphalt"}, "geometry": {"type": "LineString", "coordinates": [[174.050721, -41.756488], [174.054721, -41.756476], [174.058675, -41.757084], [174.062655, -41.757481], [174.066584, -41.758233], [174.070554, -41.758724], [174.074097, -41.76058], [174.077631, -41.762453], [174.080055, -41.765635], [174.081096, -41.769497], [174.081152, -41.773497], [174.080392, -41.777424], [174.078642, -41.781021], [174.077511, -41.784858], [174.075891, -41.788515], [174.074538, -41.792279], [174.073477, -41.796136], [174.070776, -41.799087], [174.068478, -41.80236], [174.065323, -41.80482], [174.061424, -41.805711], [174.057471, -41.806322], [174.053927, -41.808178], [174.05032, -41.809906], [174.047663, -41.812896], [174.045667, -41.816363], [174.043646, -41.819815]]}}, {"type": "Feature", "properties": {"highway": "tertiary", "surface": "asphalt"}, "geometry": {"type": "LineString", "coordinates": [[173.784743, -41.958013], [173.784796, -41.962013], [173.785034, -41.966006], [173.787003, -41.969488], [173.788259, -41.973286], [173.788601, -41.977271], [173.790725, -41.98066], [173.792894, -41.984021], [173.794508, -41.987681], [173.797529, -41.990303], [173.801396, -41.991326], [173.805395, -41.991295], [173.809341, -41.990638], [173.812821, -41.988665], [173.816316, -41.98672], [173.819926, -41.984996], [173.823762, -41.983864], [173.827737, -41.98342], [173.831599, -41.984464], [173.834997, -41.986573], [173.838895, -41.987475], [173.842874, -41.987878], [173.84682, -41.987225], [173.850451, -41.985545], [173.854047, -41.983793], [173.857645, -41.982045], [173.861429, -41.980751], [173.86442, -41.978094], [173.866459, -41.974653], [173.868479, -41.971201], [173.870324, -41.967652], [173.871888, -41.96397], [173.873393, -41.960264], [173.874172, -41.95634], [173.875623, -41.952613]]}}, {"type": "Feature", "properties": {"highway": "tertiary", "surface": "asphalt"}, "geometry": {"type": "LineString", "coordinates": [[173.612803, -41.346261], [173.608993, -41.347478], [173.605171, -41.34866], [173.602051, -41.351163], [173.598809, -41.353506], [173.595484, -41.355729], [173.593104, -41.358944], [173.59093, -41.362302], [173.589026, -41.365819], [173.586731, -41.369096], [173.583963, -41.371984], [173.581222, -41.374897], [173.579158, -41.378323], [173.577219, -41.381822], [173.575337, -41.385351], [173.572843, -41.388478], [173.570125, -41.391413], [173.567979, -41.394789], [173.567076, -41.398686], [173.56654, -41.40265], [173.566743, -41.406644], [173.568034, -41.41043], [173.569434, -41.414177], [173.571283, -41.417725], [173.573037, -41.421319], [173.574307, -41.425112], [173.575962, -41.428754], [173.575346, -41.432706], [173.575049, -41.436695], [173.573679, -41.440453], [173.572195, -41.444168], [173.569745, -41.44733], [173.569485, -41.451321], [173.569974, -41.455291], [173.570218, -41.459284], [173.56986, -41.463268], [173.567364, -41.466394]]}}, {"type": "Feature", "properties": {"highway": "tertiary", "surface": "asphalt"}, "geometry": {"type": "LineString", "coordinates": [[172.555133, -41.728879], [172.555225, -41.72488], [172.554203, -41.721013], [172.552384, -41.71745], [172.550485, -41.71393], [172.549022, -41.710207], [172.546868, -41.706837], [172.5455, -41.703078], [172.54482, -41.699136], [172.543462, -41.695374], [172.5434, -41.691374], [172.545315, -41.687862], [172.546847, -41.684167], [172.547489, -41.680219], [172.547984, -41.67625], [172.547455, -41.672285]]}}, {"type": "Feature", "properties": {"highway": "tertiary", "surface": "asphalt"}, "geometry": {"type": "LineString", "coordinates": [[172.896384, -41.489457], [172.899583, -41.491858], [172.901539, -41.495347], [172.902017, -41.499319], [172.902982, -41.5032], [172.90576, -41.506079], [172.908705, -41.508786], [172.910942, -41.512102], [172.914807, -41.513132], [172.917502, -41.516088], [172.920731, -41.518449], [172.92423, -41.520387], [172.92802, -41.521665], [172.931684, -41.52327], [172.935148, -41.525269], [172.938542, -41.527387], [172.941697, -41.529846], [172.945235, -41.531712], [172.948397, -41.534162], [172.951732, -41.53637], [172.955131, -41.538479], [172.957762, -41.541492], [172.960115, -41.544727], [172.961688, -41.548405], [172.961306, -41.552386], [172.961489, -41.556382], [172.961136, -41.560367], [172.96208, -41.564254], [172.961012, -41.568109], [172.961162, -41.572106], [172.962782, -41.575763], [172.964833, -41.579197], [172.965439, -41.583151]]}}, {"type": "Feature", "properties": {"highway": "residential", "surface": "asphalt"}, "geometry": {"type": "LineString", "coordinates": [[173.111549, -42.003202], [173.110143, -42.006947], [173.108553, -42.010617], [173.107511, -42.014479], [173.106653, -42.018386], [173.106489, -42.022382], [173.105912, -42.02634], [173.105393, -42.030307], [173.103339, -42.033739], [173.101807, -42.037434], [173.101075, -42.041366], [173.100264, -42.045283], [173.098378, -42.048811], [173.096714, -42.052448], [173.095459, -42.056246], [173.09444, -42.060114], [173.093723, -42.06405], [173.094817, -42.067897], [173.095916, -42.071743], [173.097971, -42.075175], [173.100311, -42.078419], [173.103276, -42.081104], [173.105083, -42.084673], [173.107814, -42.087595], [173.110115, -42.090868], [173.112397, -42.094153]]}}, {"type": "Feature", "properties": {"highway": "residential", "surface": "asphalt"}, "geometry": {"type": "LineString", "coordinates": [[173.300573, -41.483145], [173.302531, -41.486633], [173.305351, -41.489471], [173.308723, -41.491623], [173.311775, -41.494208], [173.315355, -41.495991], [173.318999, -41.497643], [173.322716, -41.49912], [173.32631, -41.500876], [173.330078, -41.502217], [173.332283, -41.505555], [173.333751, -41.509276], [173.334409, -41.513221], [173.336353, -41.516717], [173.33941, -41.519297], [173.342355, -41.522003], [173.344723, -41.525227], [173.347083, -41.528457], [173.348561, -41.532174], [173.351845, -41.534458]]}}, {"type": "Feature", "properties": {"highway": "residential", "surface": "asphalt"}, "geometry": {"type": "LineString", "coordinates": [[173.827631, -42.147469], [173.826674, -42.143585], [173.826477, -42.13959], [173.827155, -42.135648], [173.82542, -42.132044], [173.823343, -42.128625], [173.821287, -42.125194], [173.821206, -42.121195], [173.820164, -42.117333], [173.818106, -42.113903]]}}, {"type": "Feature", "properties": {"highway": "residential", "surface": "asphalt"}, "geometry": {"type": "LineString", "coordinates": [[173.108111, -42.039729], [173.111543, -42.037674], [173.114861, -42.035441], [173.118766, -42.034571], [173.122505, -42.033151], [173.125764, -42.030831], [173.128063, -42.027558], [173.129271, -42.023745], [173.130795, -42.020047], [173.133703, -42.0173], [173.136889, -42.014881], [173.140217, -42.012662], [173.144216, -42.012544], [173.148165, -42.011908], [173.151951, -42.01062], [173.155875, -42.009841], [173.159868, -42.009606]]}}, {"type": "Feature", "properties": {"highway": "residential", "surface": "asphalt"}, "geometry": {"type": "LineString", "coordinates": [[172.501839, -41.184422], [172.502393, -41.188384], [172.503478, -41.192234], [172.504113, -41.196183], [172.504864, -41.200112], [172.505699, -41.204024], [172.506876, -41.207847], [172.507017, -41.211844], [172.505788, -41.215651], [172.504912, -41.219554], [172.503237, -41.223186], [172.502275, -41.227069], [172.501244, -41.230933], [172.49951, -41.234538], [172.496567, -41.237247], [172.493896, -41.240225], [172.491281, -41.243251], [172.48852, -41.246146], [172.48701, -41.249849], [172.485484, -41.253547]]}}, {"type": "Feature", "properties": {"highway": "residential", "surface": "asphalt"}, "geometry": {"type": "LineString", "coordinates": [[173.501239, -42.210193], [173.505233, -42.209981], [173.509165, -42.209242], [173.512552, -42.207114], [173.515548, -42.204465], [173.518994, -42.202433], [173.522785, -42.201156], [173.526586, -42.199911], [173.530448, -42.198869], [173.534218, -42.197531]]}}, {"type": "Feature", "properties": {"highway": "residential", "surface": "asphalt"}, "geometry": {"type": "LineString", "coordinates": [[173.678543, -41.33272], [173.679395, -41.336628], [173.680193, -41.340548], [173.681786, -41.344217], [173.682305, -41.348183], [173.683167, -41.352089], [173.683761, -41.356045], [173.6837, -41.360044], [173.684904, -41.363859], [173.685388, -41.36783], [173.68534, -41.371829], [173.68547, -41.375827], [173.686139, -41.379771], [173.686382, -41.383763], [173.68608, -41.387752], [173.685867, -41.391746], [173.685321, -41.395709], [173.684665, -41.399655], [173.685669, -41.403526], [173.685357, -41.407514], [173.683872, -41.411228], [173.683437, -41.415205], [173.680897, -41.418295], [173.678385, -41.421407]]}}, {"type": "Feature", "properties": {"highway": "residential", "surface": "asphalt"}, "geometry": {"type": "LineString", "coordinates": [[173.984587, -41.99557], [173.985925, -41.991801], [173.98858, -41.988809], [173.989028, -41.984834], [173.989027, -41.980834], [173.989196, -41.976838], [173.989726, -41.972873], [173.990446, -41.968938], [173.989361, -41.965089], [173.989261, -41.96109], [173.987646, -41.957431], [173.985475, -41.954071], [173.982377, -41.951541], [173.980141, -41.948224], [173.977397, -41.945313], [173.976082, -41.941536], [173.976073, -41.937536], [173.976878, -41.933618], [173.978087, -41.929805], [173.98035, -41.926506], [173.981881, -41.922811], [173.983677, -41.919237], [173.985393, -41.915624], [173.986032, -41.911675], [173.986164, -41.907677], [173.98574, -41.9037], [173.984612, -41.899862], [173.982814, -41.896289], [173.980347, -41.89314], [173.978544, -41.889569], [173.976846, -41.885948], [173.974849, -41.882482]]}}, {"type": "Feature", "properties": {"highway": "residential", "surface": "asphalt"}, "geometry": {"type": "LineString", "coordinates": [[173.390109, -41.535569], [173.393368, -41.537889], [173.396696, -41.540109], [173.39891, -41.54344], [173.401388, -41.54658], [173.403251, -41.550119], [173.403511, -41.554111], [173.403731, -41.558105], [173.402735, -41.561979], [173.402439, -41.565968]]}}, {"type": "Feature", "properties": {"highway": "residential", "surface": "asphalt"}, "geometry": {"type": "LineString", "coordinates": [[172.720959, -41.670227], [172.719812, -41.666395], [172.719198, -41.662442], [172.716652, -41.659357], [172.714272, -41.656142], [172.711518, -41.653242], [172.708669, -41.650434], [172.705822, -41.647625], [172.703566, -41.644321], [172.701025, -41.641232], [172.69833, -41.638276], [172.695265, -41.635706], [172.692313, -41.633006], [172.690999, -41.629229], [172.688245, -41.626327], [172.685817, -41.623149], [172.682685, -41.620661], [172.679178, -41.618736], [172.675474, -41.617225], [172.671927, -41.615378], [172.667989, -41.614672], [172.664268, -41.613205], [172.660276, -41.612949], [172.656296, -41.61255], [172.652411, -41.611598], [172.648833, -41.60981], [172.645402, -41.607753], [172.642099, -41.605497], [172.638548, -41.603656], [172.634801, -41.602256], [172.630979, -41.603434], [172.626985, -41.603209]]}}, {"type": "Feature", "properties": {"highway": "residential", "surface": "asphalt"}, "geometry": {"type": "LineString", "coordinates": [[172.539276, -41.653109], [172.536668, -41.650075], [172.534042, -41.647058], [172.530313, -41.645611], [172.526498, -41.64441], [172.522574, -41.643631], [172.518764, -41.642416], [172.514799, -41.641884], [172.510814, -41.642233], [172.506883, -41.642972], [172.502961, -41.64376], [172.499224, -41.645186], [172.495483, -41.646601], [172.491543, -41.647293], [172.487573, -41.646805], [172.48416, -41.644719], [172.480406, -41.643337], [172.476528, -41.642356], [172.472803, -41.643814], [172.468824, -41.643407], [172.464837, -41.643724], [172.460852, -41.644074], [172.456856, -41.643902]]}}, {"type": "Feature", "properties": {"highway": "residential", "surface": "asphalt"}, "geometry": {"type": "LineString", "coordinates": [[174.08372, -41.222799], [174.083162, -41.22676], [174.084446, -41.230548], [174.084945, -41.234517], [174.085236, -41.238506], [174.085052, -41.242502], [174.08443, -41.246453], [174.082575, -41.249997], [174.08092, -41.253639], [174.078516, -41.256836], [174.076452, -41.260262], [174.073801, -41.263258], [174.071811, -41.266727], [174.069916, -41.27025], [174.066718, -41.272653], [174.063272, -41.274685], [174.05991, -41.276852], [174.057297, -41.27988], [174.055328, -41.283362], [174.053193, -41.286744], [174.05033, -41.289538], [174.047186, -41.29201]]}}, {"type": "Feature", "properties": {"highway": "residential", "surface": "asphalt"}, "geometry": {"type": "LineString", "coordinates": [[172.758845, -41.819308], [172.755217, -41.820994], [172.752606, -41.824024], [172.750659, -41.827518], [172.748273, -41.830729], [172.746128, -41.834105], [172.744222, -41.837622], [172.7414, -41.840456], [172.738419, -41.843124], [172.736206, -41.846456], [172.733906, -41.849728], [172.731276, -41.852742], [172.729854, -41.856481], [172.727804, -41.859916], [172.724955, -41.862723], [172.722538, -41.86591], [172.720825, -41.869525], [172.719478, -41.873291], [172.715946, -41.875169], [172.712683, -41.877483], [172.710023, -41.88047]]}}, {"type": "Feature", "properties": {"highway": "residential", "surface": "asphalt"}, "geometry": {"type": "LineString", "coordinates": [[173.890651, -41.596896], [173.891623, -41.593016], [173.891992, -41.589033], [173.891578, -41.585055], [173.889329, -41.581747], [173.888294, -41.577883], [173.886754, -41.574191], [173.885432, -41.570416], [173.884426, -41.566545], [173.883698, -41.562611], [173.882165, -41.558917], [173.880229, -41.555416], [173.878361, -41.55188], [173.876047, -41.548616], [173.874182, -41.545078], [173.872474, -41.541461], [173.871089, -41.537709], [173.868865, -41.534384], [173.865295, -41.532579], [173.861387, -41.531725], [173.857469, -41.53092], [173.853474, -41.530721], [173.849477, -41.530864], [173.845491, -41.530523], [173.841525, -41.530008], [173.837614, -41.529168], [173.833634, -41.529568], [173.829698, -41.528856], [173.825873, -41.527684], [173.821912, -41.528238], [173.81808, -41.529384]]}}, {"type": "Feature", "properties": {"highway": "residential", "surface": "asphalt"}, "geometry": {"type": "LineString", "coordinates": [[172.378295, -42.195358], [172.38124, -42.198066], [172.383576, -42.201313], [172.386509, -42.204033], [172.390374, -42.205063], [172.394368, -42.204852], [172.397999, -42.203173], [172.401101, -42.200648], [172.40352, -42.197463], [172.406228, -42.194518], [172.409616, -42.192392], [172.412855, -42.190044], [172.416023, -42.187603], [172.419492, -42.185611], [172.422846, -42.183431], [172.42599, -42.180959], [172.429387, -42.178847], [172.433365, -42.17843], [172.437294, -42.17768], [172.441294, -42.177658], [172.444842, -42.179505], [172.44794, -42.182036], [172.451666, -42.183492], [172.455527, -42.184535], [172.459517, -42.184819], [172.463477, -42.184256], [172.467475, -42.184395], [172.471311, -42.18553], [172.475302, -42.18527], [172.479229, -42.184506], [172.482965, -42.183079], [172.486703, -42.181655]]}}, {"type": "Feature", "properties": {"highway": "residential", "surface": "asphalt"}, "geometry": {"type": "LineString", "coordinates": [[172.96141, -41.704294], [172.964569, -41.701841], [172.967187, -41.698816], [172.969922, -41.695897], [172.973614, -41.694357], [172.97738, -41.69301], [172.980646, -41.690701], [172.984168, -41.688804]]}}, {"type": "Feature", "properties": {"highway": "residential", "surface": "asphalt"}, "geometry": {"type": "LineString", "coordinates": [[172.492737, -41.254147], [172.494073, -41.257917], [172.4964, -41.261171], [172.498854, -41.26433], [172.501493, -41.267335], [172.502807, -41.271113], [172.502497, -41.275101], [172.502807, -41.279089], [172.501665, -41.282922], [172.499226, -41.286093], [172.496203, -41.288712], [172.492562, -41.290369], [172.489378, -41.29279]]}}, {"type": "Feature", "properties": {"highway": "residential", "surface": "asphalt"}, "geometry": {"type": "LineString", "coordinates": [[172.419485, -41.836949], [172.415828, -41.838568], [172.411887, -41.839252], [172.408361, -41.837364], [172.404396, -41.837898], [172.400417, -41.838305], [172.396419, -41.838193], [172.392423, -41.838384], [172.388439, -41.838023], [172.384874, -41.839837], [172.381006, -41.840856], [172.37706, -41.841511], [172.37311, -41.842143], [172.369296, -41.843347], [172.365338, -41.84393]]}}, {"type": "Feature", "properties": {"highway": "residential", "surface": "asphalt"}, "geometry": {"type": "LineString", "coordinates": [[173.768128, -41.272287], [173.76787, -41.276278], [173.766869, -41.280151], [173.766732, -41.284149], [173.766629, -41.288147], [173.765913, -41.292083], [173.765054, -41.295989], [173.763042, -41.299447], [173.759623, -41.301523], [173.75676, -41.304316], [173.755511, -41.308116], [173.753483, -41.311564], [173.750315, -41.314006], [173.746672, -41.315659], [173.742771, -41.316543], [173.739052, -41.318016], [173.735654, -41.320126], [173.731875, -41.321436], [173.728489, -41.323566], [173.726378, -41.326963], [173.725171, -41.330777], [173.721965, -41.333169], [173.718016, -41.333808], [173.714234, -41.335111], [173.710752, -41.337078], [173.707161, -41.338841], [173.703961, -41.341241], [173.700159, -41.342484], [173.696383, -41.343802], [173.693098, -41.346085], [173.689254, -41.34719], [173.685611, -41.348842], [173.681882, -41.350291], [173.678158, -41.351751], [173.67456, -41.353499], [173.670832, -41.354949], [173.66741, -41.35702], [173.665267, -41.360397]]}}, {"type": "Feature", "properties": {"highway": "residential", "surface": "asphalt"}, "geometry": {"type": "LineString", "coordinates": [[173.354567, -41.896438], [173.358266, -41.897961], [173.362175, -41.898808], [173.366144, -41.899304], [173.369723, -41.901091], [173.373592, -41.902105], [173.377315, -41.903567], [173.380498, -41.905989]]}}, {"type": "Feature", "properties": {"highway": "residential", "surface": "asphalt"}, "geometry": {"type": "LineString", "coordinates": [[173.402535, -41.1547], [173.40349, -41.150816], [173.405505, -41.147361], [173.406594, -41.143512], [173.40747, -41.139609], [173.408181, -41.135673], [173.409385, -41.131858], [173.409354, -41.127858], [173.410697, -41.12409], [173.412125, -41.120354], [173.413684, -41.11667], [173.41569, -41.113209], [173.416301, -41.109256], [173.416569, -41.105265], [173.416947, -41.101283], [173.418213, -41.097489], [173.420517, -41.094219], [173.422633, -41.090824], [173.426021, -41.088699], [173.429575, -41.086862], [173.433096, -41.084964], [173.436954, -41.083909], [173.439898, -41.081201], [173.442006, -41.077801], [173.443456, -41.074073], [173.443969, -41.070106], [173.443763, -41.066111], [173.442962, -41.062192], [173.442187, -41.058268], [173.441765, -41.054291]]}}, {"type": "Feature", "properties": {"highway": "residential", "surface": "asphalt"}, "geometry": {"type": "LineString", "coordinates": [[172.345405, -41.322789], [172.349276, -41.32178], [172.35317, -41.320867], [172.35715, -41.320462], [172.361104, -41.319857], [172.3651, -41.319677], [172.368944, -41.320783], [172.372932, -41.320473], [172.376914, -41.320101], [172.380912, -41.319968], [172.38485, -41.319268], [172.388723, -41.318267], [172.392717, -41.318042], [172.396329, -41.319761]]}}, {"type": "Feature", "properties": {"highway": "track", "surface": "gravel"}, "geometry": {"type": "LineString", "coordinates": [[173.709354, -41.958478], [173.709479, -41.95448], [173.708497, -41.950603], [173.707459, -41.94674], [173.705415, -41.943302], [173.703432, -41.939828], [173.701867, -41.936147], [173.70033, -41.932453], [173.699056, -41.928662], [173.697008, -41.925226], [173.696293, -41.92129], [173.694947, -41.917523], [173.692084, -41.91473], [173.689093, -41.912074], [173.685652, -41.910034], [173.681811, -41.908918], [173.677886, -41.908146], [173.674028, -41.907092], [173.670029, -41.907206], [173.666037, -41.907458], [173.662209, -41.9063], [173.658632, -41.904508], [173.65499, -41.902854], [173.651403, -41.901084], [173.647765, -41.899422], [173.644106, -41.897804], [173.640804, -41.895547], [173.63745, -41.893368], [173.633451, -41.893466], [173.629453, -41.893587], [173.62558, -41.894586], [173.621596, -41.894944], [173.617713, -41.895904], [173.613797, -41.896718], [173.610025, -41.895388]]}}, {"type": "Feature", "properties": {"highway": "track", "surface": "gravel"}, "geometry": {"type": "LineString", "coordinates": [[173.497425, -42.274816], [173.499247, -42.278377], [173.500449, -42.282192], [173.502417, -42.285675], [173.504562, -42.289051], [173.507662, -42.291579], [173.510911, -42.293912], [173.513743, -42.296736]]}}, {"type": "Feature", "properties": {"highway": "track", "surface": "gravel"}, "geometry": {"type": "LineString", "coordinates": [[173.939422, -41.273514], [173.939817, -41.269533], [173.939784, -41.265534], [173.939341, -41.261558], [173.940421, -41.257707], [173.941288, -41.253802], [173.942668, -41.250047], [173.944147, -41.246331], [173.945453, -41.24255], [173.946539, -41.238701], [173.947894, -41.234937], [173.949367, -41.231218], [173.951756, -41.22801], [173.952968, -41.224198]]}}, {"type": "Feature", "properties": {"highway": "track", "surface": "gravel"}, "geometry": {"type": "LineString", "coordinates": [[173.261009, -41.896996], [173.260351, -41.893051], [173.26022, -41.889053], [173.260512, -41.885064], [173.261005, -41.881094], [173.261667, -41.877149], [173.263333, -41.873513], [173.263558, -41.869519], [173.262551, -41.865648], [173.260282, -41.862353], [173.257578, -41.859406], [173.25446, -41.8569], [173.251585, -41.854119], [173.248902, -41.851153], [173.246242, -41.848165], [173.243117, -41.845668], [173.239736, -41.843531], [173.236954, -41.840657], [173.234768, -41.837307], [173.232668, -41.833903], [173.2303, -41.830679], [173.229328, -41.826799], [173.227794, -41.823105], [173.226875, -41.819212], [173.227102, -41.815218], [173.227064, -41.811218], [173.227846, -41.807295], [173.227517, -41.803309], [173.228198, -41.799367], [173.229074, -41.795464], [173.228375, -41.791526], [173.228341, -41.787526]]}}, {"type": "Feature", "properties": {"highway": "track", "surface": "gravel"}, "geometry": {"type": "LineString", "coordinates": [[173.268185, -41.359889], [173.266111, -41.356469], [173.263447, -41.353485], [173.260519, -41.35076], [173.256951, -41.348952], [173.253623, -41.346732], [173.250091, -41.344854], [173.247584, -41.341737], [173.24581, -41.338152], [173.244317, -41.334441], [173.244058, -41.33045], [173.244669, -41.326497], [173.246412, -41.322897]]}}, {"type": "Feature", "properties": {"highway": "track", "surface": "gravel"}, "geometry": {"type": "LineString", "coordinates": [[173.366599, -42.248648], [173.366365, -42.252641], [173.365459, -42.256537], [173.364913, -42.2605], [173.365479, -42.264459], [173.364953, -42.268425], [173.363549, -42.27217], [173.360842, -42.275115], [173.357571, -42.277417], [173.354662, -42.280163], [173.35311, -42.28385], [173.352175, -42.287739], [173.351906, -42.29173], [173.352451, -42.295692], [173.352415, -42.299692], [173.352052, -42.303676], [173.351958, -42.307675], [173.351691, -42.311666]]}}, {"type": "Feature", "properties": {"highway": "track", "surface": "gravel"}, "geometry": {"type": "LineString", "coordinates": [[172.67101, -41.415835], [172.669895, -41.411993], [172.671238, -41.408226], [172.670973, -41.404234], [172.669036, -41.400735], [172.667965, -41.396881], [172.667841, -41.392883], [172.667212, -41.388933], [172.665385, -41.385374], [172.664781, -41.38142], [172.664453, -41.377433], [172.662259, -41.374089], [172.659842, -41.370902], [172.656586, -41.368578], [172.653571, -41.365949], [172.650255, -41.363713], [172.647594, -41.360726], [172.644725, -41.357939], [172.641406, -41.355707], [172.638148, -41.353386], [172.635487, -41.3504], [172.632189, -41.348135], [172.628368, -41.346953], [172.624389, -41.346541], [172.620407, -41.346167], [172.61643, -41.345738], [172.612687, -41.347148], [172.609519, -41.349591], [172.607116, -41.352789], [172.603667, -41.354813], [172.600352, -41.357052], [172.597504, -41.359861], [172.595075, -41.363039], [172.592478, -41.366081], [172.588595, -41.36704], [172.584746, -41.368131], [172.580983, -41.366776], [172.577464, -41.364875], [172.573935, -41.36299], [172.570252, -41.361431]]}}, {"type": "Feature", "properties": {"highway": "track", "surface": "gravel"}, "geometry": {"type": "LineString", "coordinates": [[172.571728, -41.277983], [172.575667, -41.278683], [172.57955, -41.279639], [172.583496, -41.280294], [172.587486, -41.28059], [172.591446, -41.281152], [172.595161, -41.282634], [172.598402, -41.284978], [172.601514, -41.287492], [172.604364, -41.290298], [172.608039, -41.291877], [172.612034, -41.292085], [172.616029, -41.292289], [172.620015, -41.291955], [172.62401, -41.291747], [172.627881, -41.29074], [172.631551, -41.28915], [172.63517, -41.287446], [172.637381, -41.284113], [172.638525, -41.28028], [172.64019, -41.276643], [172.641848, -41.273003], [172.64251, -41.269058], [172.643383, -41.265154], [172.645695, -41.261891], [172.648904, -41.259502], [172.65128, -41.256284]]}}, {"type": "Feature", "properties": {"highway": "track", "surface": "gravel"}, "geometry": {"type": "LineString", "coordinates": [[173.523274, -41.869847], [173.526014, -41.87276], [173.528824, -41.875607], [173.530349, -41.879305], [173.531316, -41.883186], [173.53272, -41.886932], [173.53523, -41.890047], [173.536957, -41.893655], [173.53766, -41.897592], [173.536755, -41.901489], [173.536044, -41.905425], [173.535312, -41.909357], [173.533849, -41.91308], [173.533291, -41.917041], [173.533806, -41.921008], [173.535931, -41.924397], [173.53743, -41.928105], [173.539422, -41.931574], [173.539624, -41.935569], [173.539699, -41.939568], [173.539377, -41.943555], [173.539313, -41.947555], [173.539255, -41.951554], [173.538501, -41.955482], [173.538259, -41.959475], [173.540318, -41.962905], [173.542125, -41.966473], [173.543111, -41.97035]]}}, {"type": "Feature", "properties": {"highway": "track", "surface": "gravel"}, "geometry": {"type": "LineString", "coordinates": [[172.668967, -41.670883], [172.668468, -41.666914], [172.666986, -41.663199], [172.665375, -41.659538], [172.664377, -41.655664], [172.663168, -41.651851], [172.661584, -41.648178], [172.659209, -41.64496], [172.656866, -41.641718], [172.654131, -41.638799], [172.652144, -41.635327], [172.650078, -41.631902], [172.648688, -41.628151], [172.647563, -41.624313], [172.646311, -41.620514], [172.645152, -41.616685], [172.643158, -41.613218], [172.641622, -41.609524], [172.639816, -41.605955], [172.637272, -41.602868], [172.634677, -41.599825], [172.632659, -41.596371], [172.630533, -41.592983], [172.626878, -41.591358], [172.622997, -41.590387], [172.61909, -41.589532], [172.615262, -41.588371], [172.611269, -41.588138], [172.607285, -41.587782], [172.603379, -41.58692], [172.599549, -41.585765]]}}, {"type": "Feature", "properties": {"highway": "track", "surface": "gravel"}, "geometry": {"type": "LineString", "coordinates": [[173.441737, -41.66299], [173.440014, -41.6666], [173.43877, -41.670402], [173.438454, -41.674389], [173.439742, -41.678176], [173.440754, -41.682046], [173.442683, -41.68555], [173.443008, -41.689536], [173.443373, -41.69352], [173.444738, -41.69728], [173.447312, -41.700341], [173.450927, -41.702053], [173.454387, -41.70406], [173.457747, -41.706231], [173.460038, -41.70951], [173.463129, -41.712049], [173.467127, -41.712165], [173.471109, -41.711786], [173.474862, -41.710402], [173.478782, -41.709605], [173.482035, -41.707276], [173.484674, -41.704271]]}}, {"type": "Feature", "properties": {"highway": "track", "surface": "gravel"}, "geometry": {"type": "LineString", "coordinates": [[172.876577, -41.681903], [172.874165, -41.685094], [172.872435, -41.688701], [172.869327, -41.691219], [172.86682, -41.694336], [172.863226, -41.696091], [172.859393, -41.697234], [172.855403, -41.69694], [172.851462, -41.69762], [172.847495, -41.697105], [172.843972, -41.695211], [172.840395, -41.69342], [172.836762, -41.691746]]}}, {"type": "Feature", "properties": {"highway": "track", "surface": "gravel"}, "geometry": {"type": "LineString", "coordinates": [[173.480722, -41.400032], [173.483244, -41.396927], [173.486056, -41.394083], [173.488485, -41.390905], [173.489414, -41.387014], [173.490839, -41.383277], [173.492506, -41.37964], [173.495006, -41.376517], [173.49634, -41.372747], [173.497393, -41.368888], [173.497415, -41.364888], [173.495056, -41.361657], [173.494353, -41.357719], [173.494805, -41.353745], [173.493907, -41.349847], [173.492599, -41.346066], [173.490975, -41.342411]]}}, {"type": "Feature", "properties": {"highway": "track", "surface": "gravel"}, "geometry": {"type": "LineString", "coordinates": [[172.683581, -41.194338], [172.679862, -41.192867], [172.676053, -41.191646], [172.67226, -41.190374], [172.668676, -41.188598], [172.664952, -41.187139], [172.661233, -41.185666], [172.657348, -41.184713], [172.653492, -41.18365], [172.649493, -41.183746], [172.645493, -41.183778], [172.641966, -41.185665], [172.638696, -41.187968], [172.634732, -41.188506], [172.630759, -41.188965]]}}, {"type": "Feature", "properties": {"highway": "track", "surface": "gravel"}, "geometry": {"type": "LineString", "coordinates": [[173.497541, -42.108679], [173.500183, -42.111683], [173.501539, -42.115445], [173.502897, -42.119208], [173.503872, -42.123088], [173.504, -42.127085], [173.504252, -42.131078], [173.504665, -42.135056], [173.503529, -42.138891], [173.501956, -42.142569], [173.498928, -42.145183], [173.495908, -42.147806], [173.492353, -42.149639], [173.488551, -42.150882], [173.484741, -42.1521], [173.481138, -42.153837], [173.477438, -42.155358], [173.473476, -42.155907], [173.469483, -42.156147], [173.465484, -42.156068], [173.461505, -42.156482], [173.457679, -42.157649], [173.453793, -42.158597], [173.450387, -42.160695], [173.446669, -42.16217], [173.44313, -42.164034], [173.439804, -42.166256], [173.436167, -42.167921], [173.432276, -42.168848], [173.428331, -42.169512], [173.424568, -42.170868], [173.420595, -42.17133], [173.417042, -42.173167], [173.413084, -42.172586]]}}, {"type": "Feature", "properties": {"highway": "track", "surface": "gravel"}, "geometry": {"type": "LineString", "coordinates": [[172.666357, -41.690632], [172.668537, -41.687278], [172.670419, -41.683749], [172.672942, -41.680644], [172.674421, -41.676928], [172.675197, -41.673004], [172.676032, -41.669092], [172.676593, -41.665131], [172.6768, -41.661137], [172.67502, -41.657555], [172.672971, -41.654119], [172.670845, -41.650731], [172.66869, -41.647361], [172.666625, -41.643935], [172.665311, -41.640157], [172.666065, -41.636229], [172.665687, -41.632247], [172.664408, -41.628457], [172.663642, -41.624531], [172.660991, -41.621536]]}}, {"type": "Feature", "properties": {"highway": "track", "surface": "gravel"}, "geometry": {"type": "LineString", "coordinates": [[173.428266, -41.935684], [173.426776, -41.939397], [173.424972, -41.942966], [173.422024, -41.94567], [173.420395, -41.949323], [173.418372, -41.952774], [173.415928, -41.955941], [173.413197, -41.958864], [173.409512, -41.960419], [173.405691, -41.961602], [173.401692, -41.96155], [173.397752, -41.962245], [173.394224, -41.964129]]}}, {"type": "Feature", "properties": {"highway": "track", "surface": "gravel"}, "geometry": {"type": "LineString", "coordinates": [[173.715772, -41.774522], [173.71976, -41.774828], [173.723723, -41.775374], [173.727311, -41.777142], [173.730824, -41.779056], [173.734823, -41.779099], [173.738699, -41.778108], [173.7421, -41.776003], [173.74551, -41.773912], [173.749261, -41.772522], [173.752217, -41.769827], [173.754108, -41.766303], [173.75661, -41.763182], [173.758865, -41.759878], [173.76129, -41.756697], [173.763237, -41.753203], [173.764051, -41.749287], [173.766215, -41.745922], [173.768324, -41.742524], [173.771182, -41.739725], [173.774834, -41.738094], [173.778307, -41.736109], [173.781716, -41.734016], [173.783621, -41.730499], [173.785843, -41.727173], [173.787418, -41.723496], [173.788275, -41.719589]]}}, {"type": "Feature", "properties": {"highway": "service", "surface": "asphalt"}, "geometry": {"type": "LineString", "coordinates": [[174.075967, -42.13016], [174.079904, -42.129453], [174.083862, -42.128875], [174.087837, -42.128433], [174.091794, -42.127849], [174.09558, -42.126556], [174.099343, -42.1252], [174.102842, -42.123261], [174.106823, -42.122877], [174.11082, -42.123027], [174.114809, -42.122731], [174.118213, -42.12063], [174.121589, -42.118484], [174.124723, -42.115999], [174.127076, -42.112765]]}}, {"type": "Feature", "properties": {"highway": "service", "surface": "asphalt"}, "geometry": {"type": "LineString", "coordinates": [[173.129043, -42.218816], [173.133043, -42.218887], [173.137042, -42.218809], [173.140811, -42.22015], [173.144533, -42.221616], [173.14819, -42.223236], [173.151981, -42.22451], [173.155922, -42.225198], [173.159337, -42.227281], [173.16213, -42.230144], [173.163479, -42.233909]]}}, {"type": "Feature", "properties": {"highway": "service", "surface": "asphalt"}, "geometry": {"type": "LineString", "coordinates": [[172.961618, -41.789956], [172.963092, -41.793674], [172.963506, -41.797653], [172.962519, -41.801529], [172.962461, -41.805529], [172.96133, -41.809365], [172.960897, -41.813342], [172.96122, -41.817329], [172.962821, -41.820995], [172.96331, -41.824965], [172.962169, -41.828798], [172.961608, -41.832759], [172.961804, -41.836754], [172.962338, -41.840718], [172.960445, -41.844242], [172.957736, -41.847185], [172.95545, -41.850467], [172.954813, -41.854416]]}}, {"type": "Feature", "properties": {"highway": "service", "surface": "asphalt"}, "geometry": {"type": "LineString", "coordinates": [[174.059406, -42.097546], [174.056194, -42.09993], [174.054851, -42.103698], [174.054869, -42.107698], [174.054863, -42.111698], [174.053878, -42.115574], [174.054106, -42.119568], [174.053138, -42.123449], [174.052067, -42.127303], [174.049997, -42.130726], [174.048219, -42.134309], [174.047202, -42.138177], [174.04625, -42.142062], [174.044746, -42.145769], [174.041995, -42.148673], [174.039886, -42.152072], [174.037634, -42.155378], [174.036092, -42.159068], [174.033425, -42.16205], [174.029797, -42.163734], [174.025969, -42.164893], [174.022147, -42.166075], [174.018187, -42.165512], [174.014198, -42.165223], [174.010428, -42.166562], [174.006861, -42.168372], [174.004014, -42.171182]]}}, {"type": "Feature", "properties": {"highway": "service", "surface": "asphalt"}, "geometry": {"type": "LineString", "coordinates": [[173.271966, -41.681715], [173.274764, -41.684574], [173.277323, -41.687648], [173.2807, -41.689792], [173.283472, -41.692676], [173.285279, -41.696244], [173.287595, -41.699505], [173.289048, -41.703232], [173.290446, -41.70698], [173.292889, -41.710147], [173.295571, -41.713114], [173.298413, -41.715929], [173.301048, -41.718939], [173.304331, -41.721224], [173.307148, -41.724064], [173.310045, -41.726822], [173.311369, -41.730597], [173.313165, -41.734171], [173.31395, -41.738093], [173.314533, -41.74205], [173.314457, -41.74605], [173.312908, -41.749737]]}}, {"type": "Feature", "properties": {"highway": "service", "surface": "asphalt"}, "geometry": {"type": "LineString", "coordinates": [[172.821633, -41.793439], [172.8247, -41.796008], [172.825913, -41.79982], [172.828808, -41.80258], [172.831643, -41.805401], [172.834968, -41.807625], [172.83778, -41.81047], [172.840006, -41.813794], [172.841863, -41.817336], [172.842984, -41.821176], [172.843955, -41.825056], [172.84526, -41.828837], [172.846823, -41.832519], [172.847849, -41.836385], [172.846953, -41.840284], [172.847267, -41.844271], [172.848107, -41.848182]]}}, {"type": "Feature", "properties": {"highway": "service", "surface": "asphalt"}, "geometry": {"type": "LineString", "coordinates": [[172.803684, -41.216529], [172.802807, -41.220432], [172.801937, -41.224336], [172.800798, -41.228171], [172.799477, -41.231946], [172.797605, -41.235481], [172.795491, -41.238877], [172.79324, -41.242184], [172.792744, -41.246153], [172.79296, -41.250147], [172.795347, -41.253356], [172.797203, -41.2569], [172.798781, -41.260575], [172.800537, -41.264169], [172.802989, -41.26733], [172.805873, -41.270101]]}}, {"type": "Feature", "properties": {"highway": "service", "surface": "asphalt"}, "geometry": {"type": "LineString", "coordinates": [[172.762949, -41.777371], [172.759077, -41.778378], [172.755507, -41.780182], [172.751684, -41.781357], [172.747689, -41.781154], [172.744384, -41.7789], [172.741527, -41.7761], [172.738645, -41.773327], [172.736327, -41.770067], [172.734162, -41.766704], [172.731042, -41.764201], [172.729259, -41.76062], [172.728984, -41.756629], [172.727659, -41.752855], [172.727989, -41.748869], [172.728825, -41.744957], [172.729304, -41.740986], [172.728396, -41.737091], [172.727819, -41.733132], [172.727211, -41.729179], [172.72763, -41.725201], [172.729319, -41.721575], [172.732146, -41.718744], [172.734551, -41.715548], [172.736621, -41.712126], [172.739661, -41.709525], [172.742715, -41.706942], [172.745444, -41.704018], [172.747912, -41.70087], [172.750882, -41.698191], [172.754333, -41.696168], [172.758119, -41.694877], [172.762006, -41.693933], [172.765994, -41.693623], [172.769945, -41.694247], [172.773545, -41.69599], [172.776193, -41.698988], [172.778746, -41.702068], [172.781228, -41.705205], [172.783504, -41.708493]]}}, {"type": "Feature", "properties": {"highway": "service", "surface": "asphalt"}, "geometry": {"type": "LineString", "coordinates": [[173.981158, -42.140102], [173.978354, -42.13725], [173.975885, -42.134103], [173.972047, -42.132974], [173.968549, -42.131034], [173.964858, -42.129493], [173.961336, -42.127597], [173.957839, -42.125655], [173.954843, -42.123004], [173.951749, -42.12047], [173.948686, -42.117897], [173.945963, -42.114967], [173.942834, -42.112476], [173.940163, -42.109498], [173.937452, -42.106556], [173.934315, -42.104075]]}}, {"type": "Feature", "properties": {"highway": "service", "surface": "asphalt"}, "geometry": {"type": "LineString", "coordinates": [[173.090148, -41.27927], [173.091541, -41.28302], [173.092511, -41.286901], [173.09283, -41.290888], [173.092667, -41.294885], [173.093266, -41.29884], [173.093294, -41.302839], [173.09232, -41.306719], [173.092233, -41.310718], [173.090269, -41.314203], [173.086828, -41.316242], [173.08284, -41.316559], [173.079185, -41.314935], [173.075892, -41.312664], [173.072419, -41.31068], [173.068688, -41.309237], [173.064743, -41.308576], [173.060819, -41.307802], [173.056888, -41.30706], [173.053137, -41.305672], [173.049182, -41.306273], [173.045542, -41.304616], [173.043368, -41.301258]]}}, {"type": "Feature", "properties": {"highway": "service", "surface": "asphalt"}, "geometry": {"type": "LineString", "coordinates": [[172.475617, -41.447314], [172.474398, -41.443504], [172.471236, -41.441055], [172.468684, -41.437975], [172.467089, -41.434307], [172.464547, -41.431218], [172.462346, -41.427878], [172.459335, -41.425245], [172.456276, -41.422668], [172.453628, -41.419669], [172.449769, -41.418616]]}}, {"type": "Feature", "properties": {"highway": "service", "surface": "asphalt"}, "geometry": {"type": "LineString", "coordinates": [[172.372986, -41.590729], [172.376672, -41.592282], [172.380181, -41.594202], [172.383435, -41.596529], [172.386567, -41.599017], [172.390411, -41.600124], [172.394216, -41.601358], [172.397884, -41.602951], [172.400939, -41.605534], [172.403486, -41.608618], [172.406595, -41.611135], [172.40969, -41.613669], [172.412533, -41.616483], [172.414307, -41.620068], [172.416497, -41.623415], [172.419906, -41.625508], [172.423582, -41.627084], [172.427378, -41.628347], [172.430454, -41.630903]]}}, {"type": "Feature", "properties": {"building": "yes", "levels": 3}, "geometry": {"type": "Polygon", "coordinates": [[[173.034621, -41.965987], [173.03541, -41.965987], [173.03541, -41.969343], [173.034621, -41.969343], [173.034621, -41.965987]]]}}, {"type": "Feature", "properties": {"building": "yes", "levels": 4}, "geometry": {"type": "Polygon", "coordinates": [[[172.807164, -41.867017], [172.810979, -41.867017], [172.810979, -41.867924], [172.807164, -41.867924], [172.807164, -41.867017]]]}}, {"type": "Feature", "properties": {"building": "yes", "levels": 2}, "geometry": {"type": "Polygon", "coordinates": [[[173.938389, -41.671937], [173.941954, -41.671937], [173.941954, -41.673442], [173.938389, -41.673442], [173.938389, -41.671937]]]}}, {"type": "Feature", "properties": {"building": "yes", "levels": 1}, "geometry": {"type": "Polygon", "coordinates": [[[173.31363, -42.282856], [173.314354, -42.282856], [173.314354, -42.285844], [173.31363, -42.285844], [173.31363, -42.282856]]]}}, {"type": "Feature", "properties": {"building": "yes", "levels": 3}, "geometry": {"type": "Polygon", "coordinates": [[[172.941082, -42.218543], [172.944976, -42.218543], [172.944976, -42.219385], [172.941082, -42.219385], [172.941082, -42.218543]]]}}, {"type": "Feature", "properties": {"building": "yes", "levels": 4}, "geometry": {"type": "Polygon", "coordinates": [[[173.586262, -42.079843], [173.589805, -42.079843], [173.589805, -42.081534], [173.586262, -42.081534], [173.586262, -42.079843]]]}}, {"type": "Feature", "properties": {"building": "yes", "levels": 4}, "geometry": {"type": "Polygon", "coordinates": [[[173.337361, -42.177651], [173.338952, -42.177651], [173.338952, -42.178617], [173.337361, -42.178617], [173.337361, -42.177651]]]}}, {"type": "Feature", "properties": {"building": "yes", "levels": 2}, "geometry": {"type": "Polygon", "coordinates": [[[173.10359, -41.13077], [173.106925, -41.13077], [173.106925, -41.131827], [173.10359, -41.131827], [173.10359, -41.13077]]]}}, {"type": "Feature", "properties": {"building": "yes", "levels": 3}, "geometry": {"type": "Polygon", "coordinates": [[[174.041367, -41.368439], [174.042587, -41.368439], [174.042587, -41.369388], [174.041367, -41.369388], [174.041367, -41.368439]]]}}, {"type": "Feature", "properties": {"building": "yes", "levels": 2}, "geometry": {"type": "Polygon", "coordinates": [[[173.299648, -42.246425], [173.300315, -42.246425], [173.300315, -42.250174], [173.299648, -42.250174], [173.299648, -42.246425]]]}}, {"type": "Feature", "properties": {"building": "yes", "levels": 2}, "geometry": {"type": "Polygon", "coordinates": [[[172.770555, -42.104798], [172.77332, -42.104798], [172.77332, -42.106976], [172.770555, -42.106976], [172.770555, -42.104798]]]}}, {"type": "Feature", "properties": {"building": "yes", "levels": 1}, "geometry": {"type": "Polygon", "coordinates": [[[173.564762, -41.223437], [173.568318, -41.223437], [173.568318, -41.226476], [173.564762, -41.226476], [173.564762, -41.223437]]]}}, {"type": "Feature", "properties": {"building": "yes", "levels": 1}, "geometry": {"type": "Polygon", "coordinates": [[[172.791424, -41.657814], [172.794016, -41.657814], [172.794016, -41.661004], [172.791424, -41.661004], [172.791424, -41.657814]]]}}, {"type": "Feature", "properties": {"building": "yes", "levels": 2}, "geometry": {"type": "Polygon", "coordinates": [[[172.519667, -41.586781], [172.520733, -41.586781], [172.520733, -41.589393], [172.519667, -41.589393], [172.519667, -41.586781]]]}}, {"type": "Feature", "properties": {"building": "yes", "levels": 1}, "geometry": {"type": "Polygon", "coordinates": [[[172.564997, -41.78741], [172.568135, -41.78741], [172.568135, -41.788568], [172.564997, -41.788568], [172.564997, -41.78741]]]}}, {"type": "Feature", "properties": {"building": "yes", "levels": 1}, "geometry": {"type": "Polygon", "coordinates": [[[173.987646, -41.566494], [173.989675, -41.566494], [173.989675, -41.569949], [173.987646, -41.569949], [173.987646, -41.566494]]]}}, {"type": "Feature", "properties": {"building": "yes", "levels": 2}, "geometry": {"type": "Polygon", "coordinates": [[[173.01214, -42.22955], [173.015382, -42.22955], [173.015382, -42.231301], [173.01214, -42.231301], [173.01214, -42.22955]]]}}, {"type": "Feature", "properties": {"building": "yes", "levels": 3}, "geometry": {"type": "Polygon", "coordinates": [[[173.809423, -41.958634], [173.81289, -41.958634], [173.81289, -41.961153], [173.809423, -41.961153], [173.809423, -41.958634]]]}}, {"type": "Feature", "properties": {"building": "yes", "levels": 3}, "geometry": {"type": "Polygon", "coordinates": [[[173.767078, -42.117157], [173.76786, -42.117157], [173.76786, -42.119516], [173.767078, -42.119516], [173.767078, -42.117157]]]}}, {"type": "Feature", "properties": {"building": "yes", "levels": 2}, "geometry": {"type": "Polygon", "coordinates": [[[172.748712, -41.606563], [172.751463, -41.606563], [172.751463, -41.608402], [172.748712, -41.608402], [172.748712, -41.606563]]]}}, {"type": "Feature", "properties": {"building": "yes", "levels": 2}, "geometry": {"type": "Polygon", "coordinates": [[[172.424676, -41.619649], [172.426992, -41.619649], [172.426992, -41.620319], [172.424676, -41.620319], [172.424676, -41.619649]]]}}, {"type": "Feature", "properties": {"building": "yes", "levels": 1}, "geometry": {"type": "Polygon", "coordinates": [[[173.05731, -41.576462], [173.061302, -41.576462], [173.061302, -41.578605], [173.05731, -41.578605], [173.05731, -41.576462]]]}}, {"type": "Feature", "properties": {"building": "yes", "levels": 3}, "geometry": {"type": "Polygon", "coordinates": [[[173.756683, -42.161248], [173.760291, -42.161248], [173.760291, -42.161964], [173.756683, -42.161964], [173.756683, -42.161248]]]}}, {"type": "Feature", "properties": {"building": "yes", "levels": 1}, "geometry": {"type": "Polygon", "coordinates": [[[173.952273, -41.848165], [173.955009, -41.848165], [173.955009, -41.851506], [173.952273, -41.851506], [173.952273, -41.848165]]]}}, {"type": "Feature", "properties": {"building": "yes", "levels": 1}, "geometry": {"type": "Polygon", "coordinates": [[[173.418264, -41.400697], [173.420633, -41.400697], [173.420633, -41.402772], [173.418264, -41.402772], [173.418264, -41.400697]]]}}, {"type": "Feature", "properties": {"building": "yes", "levels": 3}, "geometry": {"type": "Polygon", "coordinates": [[[172.817541, -41.466494], [172.820343, -41.466494], [172.820343, -41.467503], [172.817541, -41.467503], [172.817541, -41.466494]]]}}, {"type": "Feature", "properties": {"building": "yes", "levels": 2}, "geometry": {"type": "Polygon", "coordinates": [[[172.452053, -41.808298], [172.455822, -41.808298], [172.455822, -41.810394], [172.452053, -41.810394], [172.452053, -41.808298]]]}}, {"type": "Feature", "properties": {"building": "yes", "levels": 1}, "geometry": {"type": "Polygon", "coordinates": [[[173.893343, -42.198706], [173.895906, -42.198706], [173.895906, -42.200238], [173.893343, -42.200238], [173.893343, -42.198706]]]}}, {"type": "Feature", "properties": {"building": "yes", "levels": 2}, "geometry": {"type": "Polygon", "coordinates": [[[173.632726, -41.444601], [173.634871, -41.444601], [173.634871, -41.447563], [173.632726, -41.447563], [173.632726, -41.444601]]]}}, {"type": "Feature", "properties": {"building": "yes", "levels": 3}, "geometry": {"type": "Polygon", "coordinates": [[[173.470643, -41.34143], [173.473658, -41.34143], [173.473658, -41.343597], [173.470643, -41.343597], [173.470643, -41.34143]]]}}, {"type": "Feature", "properties": {"building": "yes", "levels": 2}, "geometry": {"type": "Polygon", "coordinates": [[[173.403039, -41.662759], [173.404695, -41.662759], [173.404695, -41.664182], [173.403039, -41.664182], [173.403039, -41.662759]]]}}, {"type": "Feature", "properties": {"building": "yes", "levels": 3}, "geometry": {"type": "Polygon", "coordinates": [[[172.639847, -41.755099], [172.643744, -41.755099], [172.643744, -41.757047], [172.639847, -41.757047], [172.639847, -41.755099]]]}}, {"type": "Feature", "properties": {"building": "yes", "levels": 3}, "geometry": {"type": "Polygon", "coordinates": [[[172.59213, -42.242494], [172.593832, -42.242494], [172.593832, -42.244201], [172.59213, -42.244201], [172.59213, -42.242494]]]}}, {"type": "Feature", "properties": {"building": "yes", "levels": 2}, "geometry": {"type": "Polygon", "coordinates": [[[172.812676, -42.285013], [172.814281, -42.285013], [172.814281, -42.288238], [172.812676, -42.288238], [172.812676, -42.285013]]]}}, {"type": "Feature", "properties": {"building": "yes", "levels": 4}, "geometry": {"type": "Polygon", "coordinates": [[[173.292031, -41.827109], [173.293815, -41.827109], [173.293815, -41.829945], [173.292031, -41.829945], [173.292031, -41.827109]]]}}, {"type": "Feature", "properties": {"building": "yes", "levels": 2}, "geometry": {"type": "Polygon", "coordinates": [[[173.801794, -41.524936], [173.804988, -41.524936], [173.804988, -41.527307], [173.801794, -41.527307], [173.801794, -41.524936]]]}}, {"type": "Feature", "properties": {"building": "yes", "levels": 3}, "geometry": {"type": "Polygon", "coordinates": [[[173.050153, -41.901891], [173.05123, -41.901891], [173.05123, -41.90318], [173.050153, -41.90318], [173.050153, -41.901891]]]}}, {"type": "Feature", "properties": {"building": "yes", "levels": 4}, "geometry": {"type": "Polygon", "coordinates": [[[173.778149, -41.721322], [173.78126, -41.721322], [173.78126, -41.724449], [173.778149, -41.724449], [173.778149, -41.721322]]]}}, {"type": "Feature", "properties": {"building": "yes", "levels": 4}, "geometry": {"type": "Polygon", "coordinates": [[[172.783629, -41.856801], [172.786378, -41.856801], [172.786378, -41.859793], [172.783629, -41.859793], [172.783629, -41.856801]]]}}, {"type": "Feature", "properties": {"building": "yes", "levels": 4}, "geometry": {"type": "Polygon", "coordinates": [[[173.867487, -41.105189], [173.87069, -41.105189], [173.87069, -41.10778], [173.867487, -41.10778], [173.867487, -41.105189]]]}}, {"type": "Feature", "properties": {"building": "yes", "levels": 3}, "geometry": {"type": "Polygon", "coordinates": [[[173.015488, -42.291509], [173.016597, -42.291509], [173.016597, -42.294999], [173.015488, -42.294999], [173.015488, -42.291509]]]}}, {"type": "Feature", "properties": {"building": "yes", "levels": 4}, "geometry": {"type": "Polygon", "coordinates": [[[173.87097, -41.8288], [173.872861, -41.8288], [173.872861, -41.830938], [173.87097, -41.830938], [173.87097, -41.8288]]]}}, {"type": "Feature", "properties": {"building": "yes", "levels": 4}, "geometry": {"type": "Polygon", "coordinates": [[[172.818513, -41.523142], [172.820313, -41.523142], [172.820313, -41.525531], [172.818513, -41.525531], [172.818513, -41.523142]]]}}, {"type": "Feature", "properties": {"building": "yes", "levels": 4}, "geometry": {"type": "Polygon", "coordinates": [[[173.466762, -41.108114], [173.469898, -41.108114], [173.469898, -41.112079], [173.466762, -41.112079], [173.466762, -41.108114]]]}}, {"type": "Feature", "properties": {"building": "yes", "levels": 4}, "geometry": {"type": "Polygon", "coordinates": [[[173.099256, -41.321054], [173.100889, -41.321054], [173.100889, -41.322147], [173.099256, -41.322147], [173.099256, -41.321054]]]}}, {"type": "Feature", "properties": {"building": "yes", "levels": 2}, "geometry": {"type": "Polygon", "coordinates": [[[173.346848, -41.205516], [173.350577, -41.205516], [173.350577, -41.207217], [173.346848, -41.207217], [173.346848, -41.205516]]]}}, {"type": "Feature", "properties": {"building": "yes", "levels": 1}, "geometry": {"type": "Polygon", "coordinates": [[[174.025774, -41.345171], [174.027824, -41.345171], [174.027824, -41.348867], [174.025774, -41.348867], [174.025774, -41.345171]]]}}, {"type": "Feature", "properties": {"building": "yes", "levels": 3}, "geometry": {"type": "Polygon", "coordinates": [[[172.346035, -41.407858], [172.349681, -41.407858], [172.349681, -41.409478], [172.346035, -41.409478], [172.346035, -41.407858]]]}}, {"type": "Feature", "properties": {"building": "yes", "levels": 4}, "geometry": {"type": "Polygon", "coordinates": [[[173.269299, -42.297993], [173.271659, -42.297993], [173.271659, -42.300352], [173.269299, -42.300352], [173.269299, -42.297993]]]}}, {"type": "Feature", "properties": {"building": "yes", "levels": 1}, "geometry": {"type": "Polygon", "coordinates": [[[173.001132, -41.529254], [173.003754, -41.529254], [173.003754, -41.531048], [173.001132, -41.531048], [173.001132, -41.529254]]]}}, {"type": "Feature", "properties": {"building": "yes", "levels": 4}, "geometry": {"type": "Polygon", "coordinates": [[[173.517659, -41.730298], [173.518595, -41.730298], [173.518595, -41.732171], [173.517659, -41.732171], [173.517659, -41.730298]]]}}, {"type": "Feature", "properties": {"building": "yes", "levels": 4}, "geometry": {"type": "Polygon", "coordinates": [[[173.467365, -42.214095], [173.46849, -42.214095], [173.46849, -42.215335], [173.467365, -42.215335], [173.467365, -42.214095]]]}}, {"type": "Feature", "properties": {"building": "yes", "levels": 3}, "geometry": {"type": "Polygon", "coordinates": [[[173.176084, -41.628196], [173.178807, -41.628196], [173.178807, -41.632183], [173.176084, -41.632183], [173.176084, -41.628196]]]}}, {"type": "Feature", "properties": {"building": "yes", "levels": 3}, "geometry": {"type": "Polygon", "coordinates": [[[173.544841, -41.995761], [173.545754, -41.995761], [173.545754, -41.997594], [173.544841, -41.997594], [173.544841, -41.995761]]]}}, {"type": "Feature", "properties": {"building": "yes", "levels": 3}, "geometry": {"type": "Polygon", "coordinates": [[[174.061168, -42.091235], [174.063511, -42.091235], [174.063511, -42.092211], [174.061168, -42.092211], [174.061168, -42.091235]]]}}, {"type": "Feature", "properties": {"building": "yes", "levels": 4}, "geometry": {"type": "Polygon", "coordinates": [[[173.541797, -42.084666], [173.545764, -42.084666], [173.545764, -42.088285], [173.541797, -42.088285], [173.541797, -42.084666]]]}}, {"type": "Feature", "properties": {"building": "yes", "levels": 2}, "geometry": {"type": "Polygon", "coordinates": [[[173.435982, -41.728869], [173.439357, -41.728869], [173.439357, -41.730175], [173.435982, -41.730175], [173.435982, -41.728869]]]}}, {"type": "Feature", "properties": {"building": "yes", "levels": 1}, "geometry": {"type": "Polygon", "coordinates": [[[173.042067, -41.172204], [173.044588, -41.172204], [173.044588, -41.173166], [173.042067, -41.173166], [173.042067, -41.172204]]]}}, {"type": "Feature", "properties": {"building": "yes", "levels": 1}, "geometry": {"type": "Polygon", "coordinates": [[[173.54513, -41.11288], [173.54574, -41.11288], [173.54574, -41.115897], [173.54513, -41.115897], [173.54513, -41.11288]]]}}, {"type": "Feature", "properties": {"building": "yes", "levels": 1}, "geometry": {"type": "Polygon", "coordinates": [[[173.950658, -41.577079], [173.951593, -41.577079], [173.951593, -41.577732], [173.950658, -41.577732], [173.950658, -41.577079]]]}}, {"type": "Feature", "properties": {"building": "yes", "levels": 2}, "geometry": {"type": "Polygon", "coordinates": [[[172.653971, -41.697434], [172.656452, -41.697434], [172.656452, -41.698938], [172.653971, -41.698938], [172.653971, -41.697434]]]}}, {"type": "Feature", "properties": {"building": "yes", "levels": 1}, "geometry": {"type": "Polygon", "coordinates": [[[173.334042, -41.593321], [173.335055, -41.593321], [173.335055, -41.594454], [173.334042, -41.594454], [173.334042, -41.593321]]]}}, {"type": "Feature", "properties": {"building": "yes", "levels": 4}, "geometry": {"type": "Polygon", "coordinates": [[[172.352261, -41.191356], [172.356084, -41.191356], [172.356084, -41.193624], [172.352261, -41.193624], [172.352261, -41.191356]]]}}, {"type": "Feature", "properties": {"building": "yes", "levels": 3}, "geometry": {"type": "Polygon", "coordinates": [[[173.403408, -42.06792], [173.404219, -42.06792], [173.404219, -42.068563], [173.403408, -42.068563], [173.403408, -42.06792]]]}}, {"type": "Feature", "properties": {"building": "yes", "levels": 1}, "geometry": {"type": "Polygon", "coordinates": [[[172.559069, -41.385916], [172.560605, -41.385916], [172.560605, -41.386627], [172.559069, -41.386627], [172.559069, -41.385916]]]}}, {"type": "Feature", "properties": {"building": "yes", "levels": 4}, "geometry": {"type": "Polygon", "coordinates": [[[173.846789, -42.23724], [173.847604, -42.23724], [173.847604, -42.238492], [173.846789, -42.238492], [173.846789, -42.23724]]]}}, {"type": "Feature", "properties": {"building": "yes", "levels": 1}, "geometry": {"type": "Polygon", "coordinates": [[[172.335187, -41.364058], [172.337133, -41.364058], [172.337133, -41.367255], [172.335187, -41.367255], [172.335187, -41.364058]]]}}, {"type": "Feature", "properties": {"building": "yes", "levels": 2}, "geometry": {"type": "Polygon", "coordinates": [[[173.091354, -41.844214], [173.092802, -41.844214], [173.092802, -41.844963], [173.091354, -41.844963], [173.091354, -41.844214]]]}}, {"type": "Feature", "properties": {"building": "yes", "levels": 3}, "geometry": {"type": "Polygon", "coordinates": [[[172.866628, -42.178641], [172.870002, -42.178641], [172.870002, -42.180274], [172.866628, -42.180274], [172.866628, -42.178641]]]}}, {"type": "Feature", "properties": {"building": "yes", "levels": 4}, "geometry": {"type": "Polygon", "coordinates": [[[174.028052, -41.694662], [174.031881, -41.694662], [174.031881, -41.696088], [174.028052, -41.696088], [174.028052, -41.694662]]]}}, {"type": "Feature", "properties": {"building": "yes", "levels": 4}, "geometry": {"type": "Polygon", "coordinates": [[[173.514838, -41.801784], [173.516844, -41.801784], [173.516844, -41.803739], [173.514838, -41.803739], [173.514838, -41.801784]]]}}, {"type": "Feature", "properties": {"building": "yes", "levels": 4}, "geometry": {"type": "Polygon", "coordinates": [[[172.340368, -42.141855], [172.341265, -42.141855], [172.341265, -42.143033], [172.340368, -42.143033], [172.340368, -42.141855]]]}}, {"type": "Feature", "properties": {"building": "yes", "levels": 1}, "geometry": {"type": "Polygon", "coordinates": [[[172.635795, -42.265857], [172.637383, -42.265857], [172.637383, -42.268366], [172.635795, -42.268366], [172.635795, -42.265857]]]}}, {"type": "Feature", "properties": {"building": "yes", "levels": 1}, "geometry": {"type": "Polygon", "coordinates": [[[172.903026, -42.145782], [172.904768, -42.145782], [172.904768, -42.148596], [172.903026, -42.148596], [172.903026, -42.145782]]]}}, {"type": "Feature", "properties": {"building": "yes", "levels": 4}, "geometry": {"type": "Polygon", "coordinates": [[[173.060099, -42.195593], [173.062582, -42.195593], [173.062582, -42.19751], [173.060099, -42.19751], [173.060099, -42.195593]]]}}, {"type": "Feature", "properties": {"building": "yes", "levels": 3}, "geometry": {"type": "Polygon", "coordinates": [[[172.810456, -41.38461], [172.811175, -41.38461], [172.811175, -41.387468], [172.810456, -41.387468], [172.810456, -41.38461]]]}}, {"type": "Feature", "properties": {"building": "yes", "levels": 2}, "geometry": {"type": "Polygon", "coordinates": [[[173.748768, -41.39016], [173.749809, -41.39016], [173.749809, -41.391427], [173.748768, -41.391427], [173.748768, -41.39016]]]}}, {"type": "Feature", "properties": {"building": "yes", "levels": 3}, "geometry": {"type": "Polygon", "coordinates": [[[173.298956, -41.660463], [173.302259, -41.660463], [173.302259, -41.66188], [173.298956, -41.66188], [173.298956, -41.660463]]]}}, {"type": "Feature", "properties": {"building": "yes", "levels": 2}, "geometry": {"type": "Polygon", "coordinates": [[[172.935254, -41.96696], [172.937135, -41.96696], [172.937135, -41.970818], [172.935254, -41.970818], [172.935254, -41.96696]]]}}, {"type": "Feature", "properties": {"building": "yes", "levels": 2}, "geometry": {"type": "Polygon", "coordinates": [[[172.835057, -41.671145], [172.836352, -41.671145], [172.836352, -41.674663], [172.835057, -41.674663], [172.835057, -41.671145]]]}}, {"type": "Feature", "properties": {"building": "yes", "levels": 3}, "geometry": {"type": "Polygon", "coordinates": [[[173.995757, -42.297503], [173.998383, -42.297503], [173.998383, -42.2996], [173.995757, -42.2996], [173.995757, -42.297503]]]}}, {"type": "Feature", "properties": {"building": "yes", "levels": 1}, "geometry": {"type": "Polygon", "coordinates": [[[173.26239, -41.584981], [173.264725, -41.584981], [173.264725, -41.586008], [173.26239, -41.586008], [173.26239, -41.584981]]]}}, {"type": "Feature", "properties": {"building": "yes", "levels": 4}, "geometry": {"type": "Polygon", "coordinates": [[[173.520139, -41.209763], [173.523635, -41.209763], [173.523635, -41.212866], [173.520139, -41.212866], [173.520139, -41.209763]]]}}, {"type": "Feature", "properties": {"building": "yes", "levels": 1}, "geometry": {"type": "Polygon", "coordinates": [[[172.35169, -41.961873], [172.352783, -41.961873], [172.352783, -41.962524], [172.35169, -41.962524], [172.35169, -41.961873]]]}}, {"type": "Feature", "properties": {"building": "yes", "levels": 1}, "geometry": {"type": "Polygon", "coordinates": [[[173.550394, -42.031365], [173.551781, -42.031365], [173.551781, -42.032606], [173.550394, -42.032606], [173.550394, -42.031365]]]}}, {"type": "Feature", "properties": {"building": "yes", "levels": 2}, "geometry": {"type": "Polygon", "coordinates": [[[172.422545, -42.19662], [172.425883, -42.19662], [172.425883, -42.199799], [172.422545, -42.199799], [172.422545, -42.19662]]]}}, {"type": "Feature", "properties": {"building": "yes", "levels": 4}, "geometry": {"type": "Polygon", "coordinates": [[[172.41864, -41.473527], [172.42001, -41.473527], [172.42001, -41.474556], [172.41864, -41.474556], [172.41864, -41.473527]]]}}, {"type": "Feature", "properties": {"building": "yes", "levels": 2}, "geometry": {"type": "Polygon", "coordinates": [[[172.808255, -41.584054], [172.811946, -41.584054], [172.811946, -41.587289], [172.808255, -41.587289], [172.808255, -41.584054]]]}}, {"type": "Feature", "properties": {"building": "yes", "levels": 3}, "geometry": {"type": "Polygon", "coordinates": [[[173.986132, -41.311672], [173.987979, -41.311672], [173.987979, -41.31499], [173.986132, -41.31499], [173.986132, -41.311672]]]}}, {"type": "Feature", "properties": {"building": "yes", "levels": 4}, "geometry": {"type": "Polygon", "coordinates": [[[173.914499, -41.130316], [173.917492, -41.130316], [173.917492, -41.132489], [173.914499, -41.132489], [173.914499, -41.130316]]]}}, {"type": "Feature", "properties": {"building": "yes", "levels": 2}, "geometry": {"type": "Polygon", "coordinates": [[[172.933804, -41.854593], [172.935022, -41.854593], [172.935022, -41.855584], [172.933804, -41.855584], [172.933804, -41.854593]]]}}, {"type": "Feature", "properties": {"building": "yes", "levels": 2}, "geometry": {"type": "Polygon", "coordinates": [[[173.582657, -41.148542], [173.583393, -41.148542], [173.583393, -41.149693], [173.582657, -41.149693], [173.582657, -41.148542]]]}}, {"type": "Feature", "properties": {"building": "yes", "levels": 2}, "geometry": {"type": "Polygon", "coordinates": [[[173.662527, -41.287427], [173.665638, -41.287427], [173.665638, -41.289905], [173.662527, -41.289905], [173.662527, -41.287427]]]}}, {"type": "Feature", "properties": {"building": "yes", "levels": 4}, "geometry": {"type": "Polygon", "coordinates": [[[173.31619, -41.373186], [173.318483, -41.373186], [173.318483, -41.375557], [173.31619, -41.375557], [173.31619, -41.373186]]]}}, {"type": "Feature", "properties": {"building": "yes", "levels": 3}, "geometry": {"type": "Polygon", "coordinates": [[[173.506241, -41.79033], [173.510022, -41.79033], [173.510022, -41.791311], [173.506241, -41.791311], [173.506241, -41.79033]]]}}, {"type": "Feature", "properties": {"building": "yes", "levels": 2}, "geometry": {"type": "Polygon", "coordinates": [[[173.921927, -42.150135], [173.924517, -42.150135], [173.924517, -42.153101], [173.921927, -42.153101], [173.921927, -42.150135]]]}}, {"type": "Feature", "properties": {"building": "yes", "levels": 3}, "geometry": {"type": "Polygon", "coordinates": [[[173.525924, -41.144557], [173.527607, -41.144557], [173.527607, -41.147799], [173.525924, -41.147799], [173.525924, -41.144557]]]}}, {"type": "Feature", "properties": {"building": "yes", "levels": 2}, "geometry": {"type": "Polygon", "coordinates": [[[173.649145, -41.203364], [173.652107, -41.203364], [173.652107, -41.205303], [173.649145, -41.205303], [173.649145, -41.203364]]]}}, {"type": "Feature", "properties": {"building": "yes", "levels": 3}, "geometry": {"type": "Polygon", "coordinates": [[[172.806098, -41.20792], [172.809916, -41.20792], [172.809916, -41.209962], [172.806098, -41.209962], [172.806098, -41.20792]]]}}, {"type": "Feature", "properties": {"building": "yes", "levels": 4}, "geometry": {"type": "Polygon", "coordinates": [[[173.544917, -41.986333], [173.548339, -41.986333], [173.548339, -41.989068], [173.544917, -41.989068], [173.544917, -41.986333]]]}}, {"type": "Feature", "properties": {"building": "yes", "levels": 2}, "geometry": {"type": "Polygon", "coordinates": [[[173.215585, -41.911906], [173.216885, -41.911906], [173.216885, -41.914794], [173.215585, -41.914794], [173.215585, -41.911906]]]}}, {"type": "Feature", "properties": {"building": "yes", "levels": 3}, "geometry": {"type": "Polygon", "coordinates": [[[173.181118, -41.327155], [173.184956, -41.327155], [173.184956, -41.330561], [173.181118, -41.330561], [173.181118, -41.327155]]]}}, {"type": "Feature", "properties": {"building": "yes", "levels": 3}, "geometry": {"type": "Polygon", "coordinates": [[[172.614155, -41.296435], [172.61741, -41.296435], [172.61741, -41.297838], [172.614155, -41.297838], [172.614155, -41.296435]]]}}, {"type": "Feature", "properties": {"building": "yes", "levels": 2}, "geometry": {"type": "Polygon", "coordinates": [[[172.749442, -41.17126], [172.751259, -41.17126], [172.751259, -41.173259], [172.749442, -41.173259], [172.749442, -41.17126]]]}}, {"type": "Feature", "properties": {"building": "yes", "levels": 4}, "geometry": {"type": "Polygon", "coordinates": [[[173.44571, -41.264629], [173.448643, -41.264629], [173.448643, -41.266882], [173.44571, -41.266882], [173.44571, -41.264629]]]}}, {"type": "Feature", "properties": {"building": "yes", "levels": 3}, "geometry": {"type": "Polygon", "coordinates": [[[172.728171, -41.390054], [172.730523, -41.390054], [172.730523, -41.392167], [172.728171, -41.392167], [172.728171, -41.390054]]]}}, {"type": "Feature", "properties": {"building": "yes", "levels": 2}, "geometry": {"type": "Polygon", "coordinates": [[[173.55649, -41.260079], [173.559496, -41.260079], [173.559496, -41.262677], [173.55649, -41.262677], [173.55649, -41.260079]]]}}, {"type": "Feature", "properties": {"building": "yes", "levels": 2}, "geometry": {"type": "Polygon", "coordinates": [[[172.900429, -42.078471], [172.902893, -42.078471], [172.902893, -42.081657], [172.900429, -42.081657], [172.900429, -42.078471]]]}}, {"type": "Feature", "properties": {"building": "yes", "levels": 4}, "geometry": {"type": "Polygon", "coordinates": [[[173.518645, -41.285749], [173.522575, -41.285749], [173.522575, -41.289204], [173.518645, -41.289204], [173.518645, -41.285749]]]}}, {"type": "Feature", "properties": {"building": "yes", "levels": 2}, "geometry": {"type": "Polygon", "coordinates": [[[173.796108, -41.237374], [173.797691, -41.237374], [173.797691, -41.2392], [173.796108, -41.2392], [173.796108, -41.237374]]]}}, {"type": "Feature", "properties": {"building": "yes", "levels": 3}, "geometry": {"type": "Polygon", "coordinates": [[[172.378114, -42.174974], [172.379747, -42.174974], [172.379747, -42.17595], [172.378114, -42.17595], [172.378114, -42.174974]]]}}, {"type": "Feature", "properties": {"building": "yes", "levels": 3}, "geometry": {"type": "Polygon", "coordinates": [[[173.106433, -41.235586], [173.108136, -41.235586], [173.108136, -41.237779], [173.106433, -41.237779], [173.106433, -41.235586]]]}}, {"type": "Feature", "properties": {"building": "yes", "levels": 4}, "geometry": {"type": "Polygon", "coordinates": [[[172.82111, -41.769038], [172.821865, -41.769038], [172.821865, -41.771231], [172.82111, -41.771231], [172.82111, -41.769038]]]}}, {"type": "Feature", "properties": {"building": "yes", "levels": 1}, "geometry": {"type": "Polygon", "coordinates": [[[172.451149, -41.96057], [172.455082, -41.96057], [172.455082, -41.963086], [172.451149, -41.963086], [172.451149, -41.96057]]]}}, {"type": "Feature", "properties": {"building": "yes", "levels": 3}, "geometry": {"type": "Polygon", "coordinates": [[[173.461194, -42.248079], [173.463454, -42.248079], [173.463454, -42.251345], [173.461194, -42.251345], [173.461194, -42.248079]]]}}, {"type": "Feature", "properties": {"building": "yes", "levels": 3}, "geometry": {"type": "Polygon", "coordinates": [[[172.314944, -42.203468], [172.317735, -42.203468], [172.317735, -42.206202], [172.314944, -42.206202], [172.314944, -42.203468]]]}}, {"type": "Feature", "properties": {"building": "yes", "levels": 4}, "geometry": {"type": "Polygon", "coordinates": [[[173.475531, -41.193774], [173.478673, -41.193774], [173.478673, -41.19446], [173.475531, -41.19446], [173.475531, -41.193774]]]}}, {"type": "Feature", "properties": {"building": "yes", "levels": 2}, "geometry": {"type": "Polygon", "coordinates": [[[173.811242, -41.455578], [173.812473, -41.455578], [173.812473, -41.458348], [173.811242, -41.458348], [173.811242, -41.455578]]]}}, {"type": "Feature", "properties": {"building": "yes", "levels": 4}, "geometry": {"type": "Polygon", "coordinates": [[[172.483919, -41.962624], [172.485574, -41.962624], [172.485574, -41.965321], [172.483919, -41.965321], [172.483919, -41.962624]]]}}, {"type": "Feature", "properties": {"building": "yes", "levels": 3}, "geometry": {"type": "Polygon", "coordinates": [[[172.632177, -42.090392], [172.633866, -42.090392], [172.633866, -42.092245], [172.632177, -42.092245], [172.632177, -42.090392]]]}}, {"type": "Feature", "properties": {"building": "yes", "levels": 4}, "geometry": {"type": "Polygon", "coordinates": [[[173.808077, -41.40426], [173.808874, -41.40426], [173.808874, -41.405225], [173.808077, -41.405225], [173.808077, -41.40426]]]}}, {"type": "Feature", "properties": {"building": "yes", "levels": 2}, "geometry": {"type": "Polygon", "coordinates": [[[173.929352, -42.23392], [173.931633, -42.23392], [173.931633, -42.236219], [173.929352, -42.236219], [173.929352, -42.23392]]]}}, {"type": "Feature", "properties": {"building": "yes", "levels": 2}, "geometry": {"type": "Polygon", "coordinates": [[[174.09214, -41.82315], [174.09487, -41.82315], [174.09487, -41.824233], [174.09214, -41.824233], [174.09214, -41.82315]]]}}, {"type": "Feature", "properties": {"building": "yes", "levels": 1}, "geometry": {"type": "Polygon", "coordinates": [[[172.594549, -41.631826], [172.598446, -41.631826], [172.598446, -41.632731], [172.594549, -41.632731], [172.594549, -41.631826]]]}}, {"type": "Feature", "properties": {"building": "yes", "levels": 1}, "geometry": {"type": "Polygon", "coordinates": [[[173.831205, -41.675282], [173.832547, -41.675282], [173.832547, -41.677148], [173.831205, -41.677148], [173.831205, -41.675282]]]}}, {"type": "Feature", "properties": {"building": "yes", "levels": 3}, "geometry": {"type": "Polygon", "coordinates": [[[173.813482, -42.126393], [173.816757, -42.126393], [173.816757, -42.12844], [173.813482, -42.12844], [173.813482, -42.126393]]]}}, {"type": "Feature", "properties": {"building": "yes", "levels": 1}, "geometry": {"type": "Polygon", "coordinates": [[[172.42959, -41.166358], [172.432606, -41.166358], [172.432606, -41.169986], [172.42959, -41.169986], [172.42959, -41.166358]]]}}, {"type": "Feature", "properties": {"building": "yes", "levels": 2}, "geometry": {"type": "Polygon", "coordinates": [[[173.089648, -41.899325], [173.093057, -41.899325], [173.093057, -41.902999], [173.089648, -41.902999], [173.089648, -41.899325]]]}}, {"type": "Feature", "properties": {"building": "yes", "levels": 2}, "geometry": {"type": "Polygon", "coordinates": [[[172.981881, -41.105032], [172.985215, -41.105032], [172.985215, -41.107928], [172.981881, -41.107928], [172.981881, -41.105032]]]}}, {"type": "Feature", "properties": {"building": "yes", "levels": 2}, "geometry": {"type": "Polygon", "coordinates": [[[173.143908, -41.751266], [173.146265, -41.751266], [173.146265, -41.753322], [173.143908, -41.753322], [173.143908, -41.751266]]]}}, {"type": "Feature", "properties": {"building": "yes", "levels": 1}, "geometry": {"type": "Polygon", "coordinates": [[[174.053864, -42.254182], [174.056572, -42.254182], [174.056572, -42.257539], [174.053864, -42.257539], [174.053864, -42.254182]]]}}, {"type": "Feature", "properties": {"building": "yes", "levels": 4}, "geometry": {"type": "Polygon", "coordinates": [[[173.600983, -41.49785], [173.603822, -41.49785], [173.603822, -41.500371], [173.600983, -41.500371], [173.600983, -41.49785]]]}}, {"type": "Feature", "properties": {"building": "yes", "levels": 3}, "geometry": {"type": "Polygon", "coordinates": [[[174.015058, -41.676879], [174.017859, -41.676879], [174.017859, -41.678496], [174.015058, -41.678496], [174.015058, -41.676879]]]}}, {"type": "Feature", "properties": {"building": "yes", "levels": 4}, "geometry": {"type": "Polygon", "coordinates": [[[173.254727, -41.860496], [173.258211, -41.860496], [173.258211, -41.861852], [173.254727, -41.861852], [173.254727, -41.860496]]]}}, {"type": "Feature", "properties": {"building": "yes", "levels": 4}, "geometry": {"type": "Polygon", "coordinates": [[[173.544447, -41.276302], [173.547016, -41.276302], [173.547016, -41.278788], [173.544447, -41.278788], [173.544447, -41.276302]]]}}, {"type": "Feature", "properties": {"building": "yes", "levels": 2}, "geometry": {"type": "Polygon", "coordinates": [[[172.948002, -41.388286], [172.950103, -41.388286], [172.950103, -41.389774], [172.948002, -41.389774], [172.948002, -41.388286]]]}}, {"type": "Feature", "properties": {"building": "yes", "levels": 3}, "geometry": {"type": "Polygon", "coordinates": [[[172.624903, -42.167992], [172.627367, -42.167992], [172.627367, -42.168974], [172.624903, -42.168974], [172.624903, -42.167992]]]}}, {"type": "Feature", "properties": {"building": "yes", "levels": 2}, "geometry": {"type": "Polygon", "coordinates": [[[173.469413, -41.325048], [173.472292, -41.325048], [173.472292, -41.328059], [173.469413, -41.328059], [173.469413, -41.325048]]]}}, {"type": "Feature", "properties": {"building": "yes", "levels": 1}, "geometry": {"type": "Polygon", "coordinates": [[[173.297238, -41.371865], [173.299785, -41.371865], [173.299785, -41.37285], [173.297238, -41.37285], [173.297238, -41.371865]]]}}, {"type": "Feature", "properties": {"building": "yes", "levels": 1}, "geometry": {"type": "Polygon", "coordinates": [[[173.832766, -41.915392], [173.836088, -41.915392], [173.836088, -41.916449], [173.832766, -41.916449], [173.832766, -41.915392]]]}}, {"type": "Feature", "properties": {"building": "yes", "levels": 4}, "geometry": {"type": "Polygon", "coordinates": [[[173.42787, -42.252455], [173.430222, -42.252455], [173.430222, -42.254619], [173.42787, -42.254619], [173.42787, -42.252455]]]}}, {"type": "Feature", "properties": {"building": "yes", "levels": 1}, "geometry": {"type": "Polygon", "coordinates": [[[173.27974, -42.261553], [173.280991, -42.261553], [173.280991, -42.263768], [173.27974, -42.263768], [173.27974, -42.261553]]]}}, {"type": "Feature", "properties": {"building": "yes", "levels": 3}, "geometry": {"type": "Polygon", "coordinates": [[[172.546244, -42.031397], [172.54704, -42.031397], [172.54704, -42.032802], [172.546244, -42.032802], [172.546244, -42.031397]]]}}, {"type": "Feature", "properties": {"building": "yes", "levels": 1}, "geometry": {"type": "Polygon", "coordinates": [[[172.375129, -41.942317], [172.378978, -41.942317], [172.378978, -41.94448], [172.375129, -41.94448], [172.375129, -41.942317]]]}}, {"type": "Feature", "properties": {"building": "yes", "levels": 2}, "geometry": {"type": "Polygon", "coordinates": [[[173.573368, -41.611171], [173.576989, -41.611171], [173.576989, -41.613882], [173.573368, -41.613882], [173.573368, -41.611171]]]}}, {"type": "Feature", "properties": {"building": "yes", "levels": 3}, "geometry": {"type": "Polygon", "coordinates": [[[173.313327, -42.201006], [173.316887, -42.201006], [173.316887, -42.202177], [173.313327, -42.202177], [173.313327, -42.201006]]]}}, {"type": "Feature", "properties": {"building": "yes", "levels": 2}, "geometry": {"type": "Polygon", "coordinates": [[[173.747398, -41.983285], [173.748037, -41.983285], [173.748037, -41.984755], [173.747398, -41.984755], [173.747398, -41.983285]]]}}, {"type": "Feature", "properties": {"building": "yes", "levels": 1}, "geometry": {"type": "Polygon", "coordinates": [[[172.971426, -41.984699], [172.975249, -41.984699], [172.975249, -41.987753], [172.971426, -41.987753], [172.971426, -41.984699]]]}}, {"type": "Feature", "properties": {"building": "yes", "levels": 1}, "geometry": {"type": "Polygon", "coordinates": [[[173.769781, -41.524131], [173.771591, -41.524131], [173.771591, -41.525844], [173.769781, -41.525844], [173.769781, -41.524131]]]}}, {"type": "Feature", "properties": {"building": "yes", "levels": 4}, "geometry": {"type": "Polygon", "coordinates": [[[172.361464, -42.192275], [172.362888, -42.192275], [172.362888, -42.194079], [172.361464, -42.194079], [172.361464, -42.192275]]]}}, {"type": "Feature", "properties": {"building": "yes", "levels": 4}, "geometry": {"type": "Polygon", "coordinates": [[[172.33831, -42.286478], [172.340405, -42.286478], [172.340405, -42.289768], [172.33831, -42.289768], [172.33831, -42.286478]]]}}, {"type": "Feature", "properties": {"building": "yes", "levels": 3}, "geometry": {"type": "Polygon", "coordinates": [[[172.498751, -42.060831], [172.499981, -42.060831], [172.499981, -42.063316], [172.498751, -42.063316], [172.498751, -42.060831]]]}}, {"type": "Feature", "properties": {"building": "yes", "levels": 3}, "geometry": {"type": "Polygon", "coordinates": [[[173.87274, -41.903479], [173.876184, -41.903479], [173.876184, -41.906079], [173.87274, -41.906079], [173.87274, -41.903479]]]}}, {"type": "Feature", "properties": {"building": "yes", "levels": 1}, "geometry": {"type": "Polygon", "coordinates": [[[173.269181, -41.927424], [173.272528, -41.927424], [173.272528, -41.93125], [173.269181, -41.93125], [173.269181, -41.927424]]]}}, {"type": "Feature", "properties": {"building": "yes", "levels": 1}, "geometry": {"type": "Polygon", "coordinates": [[[172.344565, -42.293382], [172.346821, -42.293382], [172.346821, -42.295627], [172.344565, -42.295627], [172.344565, -42.293382]]]}}, {"type": "Feature", "properties": {"building": "yes", "levels": 4}, "geometry": {"type": "Polygon", "coordinates": [[[173.740818, -41.142551], [173.742038, -41.142551], [173.742038, -41.145933], [173.740818, -41.145933], [173.740818, -41.142551]]]}}, {"type": "Feature", "properties": {"building": "yes", "levels": 2}, "geometry": {"type": "Polygon", "coordinates": [[[173.817326, -42.261035], [173.820282, -42.261035], [173.820282, -42.26316], [173.817326, -42.26316], [173.817326, -42.261035]]]}}, {"type": "Feature", "properties": {"building": "yes", "levels": 2}, "geometry": {"type": "Polygon", "coordinates": [[[173.871437, -41.833015], [173.872295, -41.833015], [173.872295, -41.834734], [173.871437, -41.834734], [173.871437, -41.833015]]]}}, {"type": "Feature", "properties": {"building": "yes", "levels": 3}, "geometry": {"type": "Polygon", "coordinates": [[[172.860263, -41.257105], [172.862986, -41.257105], [172.862986, -41.258424], [172.860263, -41.258424], [172.860263, -41.257105]]]}}, {"type": "Feature", "properties": {"building": "yes", "levels": 3}, "geometry": {"type": "Polygon", "coordinates": [[[173.609042, -41.497643], [173.611235, -41.497643], [173.611235, -41.50143], [173.609042, -41.50143], [173.609042, -41.497643]]]}}, {"type": "Feature", "properties": {"building": "yes", "levels": 4}, "geometry": {"type": "Polygon", "coordinates": [[[172.310779, -41.794994], [172.312513, -41.794994], [172.312513, -41.795664], [172.310779, -41.795664], [172.310779, -41.794994]]]}}, {"type": "Feature", "properties": {"building": "yes", "levels": 2}, "geometry": {"type": "Polygon", "coordinates": [[[173.877302, -41.830398], [173.880047, -41.830398], [173.880047, -41.833469], [173.877302, -41.833469], [173.877302, -41.830398]]]}}, {"type": "Feature", "properties": {"building": "yes", "levels": 2}, "geometry": {"type": "Polygon", "coordinates": [[[172.7908, -41.428006], [172.7931, -41.428006], [172.7931, -41.429497], [172.7908, -41.429497], [172.7908, -41.428006]]]}}, {"type": "Feature", "properties": {"building": "yes", "levels": 2}, "geometry": {"type": "Polygon", "coordinates": [[[174.085929, -41.140934], [174.088435, -41.140934], [174.088435, -41.144155], [174.085929, -41.144155], [174.085929, -41.140934]]]}}, {"type": "Feature", "properties": {"building": "yes", "levels": 3}, "geometry": {"type": "Polygon", "coordinates": [[[173.693737, -41.859722], [173.696495, -41.859722], [173.696495, -41.861556], [173.693737, -41.861556], [173.693737, -41.859722]]]}}, {"type": "Feature", "properties": {"building": "yes", "levels": 1}, "geometry": {"type": "Polygon", "coordinates": [[[173.727476, -41.385645], [173.730785, -41.385645], [173.730785, -41.386725], [173.727476, -41.386725], [173.727476, -41.385645]]]}}, {"type": "Feature", "properties": {"building": "yes", "levels": 2}, "geometry": {"type": "Polygon", "coordinates": [[[172.847193, -42.015999], [172.850307, -42.015999], [172.850307, -42.018329], [172.847193, -42.018329], [172.847193, -42.015999]]]}}, {"type": "Feature", "properties": {"building": "yes", "levels": 3}, "geometry": {"type": "Polygon", "coordinates": [[[172.930774, -41.760888], [172.932754, -41.760888], [172.932754, -41.761694], [172.930774, -41.761694], [172.930774, -41.760888]]]}}, {"type": "Feature", "properties": {"building": "yes", "levels": 2}, "geometry": {"type": "Polygon", "coordinates": [[[173.509156, -42.160395], [173.512416, -42.160395], [173.512416, -42.162708], [173.509156, -42.162708], [173.509156, -42.160395]]]}}, {"type": "Feature", "properties": {"building": "yes", "levels": 4}, "geometry": {"type": "Polygon", "coordinates": [[[173.756592, -42.29596], [173.757705, -42.29596], [173.757705, -42.297258], [173.756592, -42.297258], [173.756592, -42.29596]]]}}, {"type": "Feature", "properties": {"building": "yes", "levels": 1}, "geometry": {"type": "Polygon", "coordinates": [[[173.028967, -41.575289], [173.032193, -41.575289], [173.032193, -41.579049], [173.028967, -41.579049], [173.028967, -41.575289]]]}}, {"type": "Feature", "properties": {"building": "yes", "levels": 3}, "geometry": {"type": "Polygon", "coordinates": [[[172.558867, -41.963824], [172.560324, -41.963824], [172.560324, -41.966368], [172.558867, -41.966368], [172.558867, -41.963824]]]}}, {"type": "Feature", "properties": {"building": "yes", "levels": 3}, "geometry": {"type": "Polygon", "coordinates": [[[172.432301, -41.328285], [172.436045, -41.328285], [172.436045, -41.330873], [172.432301, -41.330873], [172.432301, -41.328285]]]}}, {"type": "Feature", "properties": {"building": "yes", "levels": 4}, "geometry": {"type": "Polygon", "coordinates": [[[173.344865, -42.284955], [173.346679, -42.284955], [173.346679, -42.288188], [173.344865, -42.288188], [173.344865, -42.284955]]]}}, {"type": "Feature", "properties": {"building": "yes", "levels": 2}, "geometry": {"type": "Polygon", "coordinates": [[[173.598169, -42.206344], [173.60162, -42.206344], [173.60162, -42.20803], [173.598169, -42.20803], [173.598169, -42.206344]]]}}, {"type": "Feature", "properties": {"building": "yes", "levels": 3}, "geometry": {"type": "Polygon", "coordinates": [[[172.79657, -41.409047], [172.797248, -41.409047], [172.797248, -41.410207], [172.79657, -41.410207], [172.79657, -41.409047]]]}}, {"type": "Feature", "properties": {"building": "yes", "levels": 3}, "geometry": {"type": "Polygon", "coordinates": [[[172.726423, -41.124079], [172.727185, -41.124079], [172.727185, -41.126202], [172.726423, -41.126202], [172.726423, -41.124079]]]}}, {"type": "Feature", "properties": {"building": "yes", "levels": 2}, "geometry": {"type": "Polygon", "coordinates": [[[173.855329, -41.877713], [173.856598, -41.877713], [173.856598, -41.880808], [173.855329, -41.880808], [173.855329, -41.877713]]]}}, {"type": "Feature", "properties": {"building": "yes", "levels": 3}, "geometry": {"type": "Polygon", "coordinates": [[[173.381839, -41.19517], [173.385191, -41.19517], [173.385191, -41.198747], [173.381839, -41.198747], [173.381839, -41.19517]]]}}, {"type": "Feature", "properties": {"building": "yes", "levels": 1}, "geometry": {"type": "Polygon", "coordinates": [[[173.594226, -41.10606], [173.595746, -41.10606], [173.595746, -41.108845], [173.594226, -41.108845], [173.594226, -41.10606]]]}}, {"type": "Feature", "properties": {"building": "yes", "levels": 1}, "geometry": {"type": "Polygon", "coordinates": [[[173.451806, -42.207465], [173.453128, -42.207465], [173.453128, -42.209176], [173.451806, -42.209176], [173.451806, -42.207465]]]}}, {"type": "Feature", "properties": {"building": "yes", "levels": 1}, "geometry": {"type": "Polygon", "coordinates": [[[173.46808, -41.586381], [173.470988, -41.586381], [173.470988, -41.58813], [173.46808, -41.58813], [173.46808, -41.586381]]]}}, {"type": "Feature", "properties": {"building": "yes", "levels": 4}, "geometry": {"type": "Polygon", "coordinates": [[[173.853949, -42.055514], [173.854845, -42.055514], [173.854845, -42.058198], [173.853949, -42.058198], [173.853949, -42.055514]]]}}, {"type": "Feature", "properties": {"building": "yes", "levels": 1}, "geometry": {"type": "Polygon", "coordinates": [[[174.078085, -41.579469], [174.081882, -41.579469], [174.081882, -41.583038], [174.078085, -41.583038], [174.078085, -41.579469]]]}}, {"type": "Feature", "properties": {"building": "yes", "levels": 3}, "geometry": {"type": "Polygon", "coordinates": [[[173.96552, -41.776967], [173.969478, -41.776967], [173.969478, -41.777758], [173.96552, -41.777758], [173.96552, -41.776967]]]}}, {"type": "Feature", "properties": {"building": "yes", "levels": 1}, "geometry": {"type": "Polygon", "coordinates": [[[172.582022, -41.122322], [172.583337, -41.122322], [172.583337, -41.124722], [172.582022, -41.124722], [172.582022, -41.122322]]]}}, {"type": "Feature", "properties": {"building": "yes", "levels": 2}, "geometry": {"type": "Polygon", "coordinates": [[[172.944121, -41.534072], [172.945891, -41.534072], [172.945891, -41.536985], [172.944121, -41.536985], [172.944121, -41.534072]]]}}, {"type": "Feature", "properties": {"building": "yes", "levels": 3}, "geometry": {"type": "Polygon", "coordinates": [[[173.483247, -41.821883], [173.484972, -41.821883], [173.484972, -41.825003], [173.483247, -41.825003], [173.483247, -41.821883]]]}}, {"type": "Feature", "properties": {"building": "yes", "levels": 4}, "geometry": {"type": "Polygon", "coordinates": [[[173.764217, -41.673073], [173.764925, -41.673073], [173.764925, -41.675874], [173.764217, -41.675874], [173.764217, -41.673073]]]}}, {"type": "Feature", "properties": {"building": "yes", "levels": 3}, "geometry": {"type": "Polygon", "coordinates": [[[173.30674, -41.533626], [173.309141, -41.533626], [173.309141, -41.535157], [173.30674, -41.535157], [173.30674, -41.533626]]]}}, {"type": "Feature", "properties": {"building": "yes", "levels": 3}, "geometry": {"type": "Polygon", "coordinates": [[[172.316273, -41.670916], [172.319101, -41.670916], [172.319101, -41.674148], [172.316273, -41.674148], [172.316273, -41.670916]]]}}, {"type": "Feature", "properties": {"building": "yes", "levels": 1}, "geometry": {"type": "Polygon", "coordinates": [[[172.571068, -41.854687], [172.573031, -41.854687], [172.573031, -41.858616], [172.571068, -41.858616], [172.571068, -41.854687]]]}}, {"type": "Feature", "properties": {"building": "yes", "levels": 2}, "geometry": {"type": "Polygon", "coordinates": [[[173.424334, -41.246667], [173.426781, -41.246667], [173.426781, -41.247964], [173.424334, -41.247964], [173.424334, -41.246667]]]}}, {"type": "Feature", "properties": {"building": "yes", "levels": 2}, "geometry": {"type": "Polygon", "coordinates": [[[172.766404, -41.827289], [172.769511, -41.827289], [172.769511, -41.830959], [172.766404, -41.830959], [172.766404, -41.827289]]]}}, {"type": "Feature", "properties": {"building": "yes", "levels": 4}, "geometry": {"type": "Polygon", "coordinates": [[[173.251296, -41.520994], [173.254309, -41.520994], [173.254309, -41.523095], [173.251296, -41.523095], [173.251296, -41.520994]]]}}, {"type": "Feature", "properties": {"building": "yes", "levels": 2}, "geometry": {"type": "Polygon", "coordinates": [[[172.683644, -42.194824], [172.687307, -42.194824], [172.687307, -42.196747], [172.683644, -42.196747], [172.683644, -42.194824]]]}}, {"type": "Feature", "properties": {"building": "yes", "levels": 1}, "geometry": {"type": "Polygon", "coordinates": [[[172.882897, -42.184201], [172.883864, -42.184201], [172.883864, -42.187294], [172.882897, -42.187294], [172.882897, -42.184201]]]}}, {"type": "Feature", "properties": {"building": "yes", "levels": 2}, "geometry": {"type": "Polygon", "coordinates": [[[173.752153, -42.196387], [173.755045, -42.196387], [173.755045, -42.19818], [173.752153, -42.19818], [173.752153, -42.196387]]]}}, {"type": "Feature", "properties": {"building": "yes", "levels": 2}, "geometry": {"type": "Polygon", "coordinates": [[[173.315562, -41.591913], [173.319287, -41.591913], [173.319287, -41.595726], [173.315562, -41.595726], [173.315562, -41.591913]]]}}, {"type": "Feature", "properties": {"building": "yes", "levels": 3}, "geometry": {"type": "Polygon", "coordinates": [[[172.355272, -41.124918], [172.358283, -41.124918], [172.358283, -41.12634], [172.355272, -41.12634], [172.355272, -41.124918]]]}}, {"type": "Feature", "properties": {"building": "yes", "levels": 4}, "geometry": {"type": "Polygon", "coordinates": [[[172.665769, -42.011001], [172.668555, -42.011001], [172.668555, -42.012616], [172.665769, -42.012616], [172.665769, -42.011001]]]}}, {"type": "Feature", "properties": {"building": "yes", "levels": 3}, "geometry": {"type": "Polygon", "coordinates": [[[172.689897, -41.783428], [172.69103, -41.783428], [172.69103, -41.786962], [172.689897, -41.786962], [172.689897, -41.783428]]]}}, {"type": "Feature", "properties": {"building": "yes", "levels": 1}, "geometry": {"type": "Polygon", "coordinates": [[[174.017678, -41.26383], [174.019298, -41.26383], [174.019298, -41.26473], [174.017678, -41.26473], [174.017678, -41.26383]]]}}, {"type": "Feature", "properties": {"building": "yes", "levels": 4}, "geometry": {"type": "Polygon", "coordinates": [[[173.173993, -42.169163], [173.175142, -42.169163], [173.175142, -42.172085], [173.173993, -42.172085], [173.173993, -42.169163]]]}}, {"type": "Feature", "properties": {"building": "yes", "levels": 3}, "geometry": {"type": "Polygon", "coordinates": [[[172.681722, -41.162553], [172.684981, -41.162553], [172.684981, -41.166048], [172.681722, -41.166048], [172.681722, -41.162553]]]}}, {"type": "Feature", "properties": {"building": "yes", "levels": 2}, "geometry": {"type": "Polygon", "coordinates": [[[172.383141, -42.028728], [172.385233, -42.028728], [172.385233, -42.030807], [172.383141, -42.030807], [172.383141, -42.028728]]]}}, {"type": "Feature", "properties": {"building": "yes", "levels": 1}, "geometry": {"type": "Polygon", "coordinates": [[[174.090682, -41.457123], [174.091365, -41.457123], [174.091365, -41.458103], [174.090682, -41.458103], [174.090682, -41.457123]]]}}, {"type": "Feature", "properties": {"building": "yes", "levels": 2}, "geometry": {"type": "Polygon", "coordinates": [[[172.540092, -41.46325], [172.542401, -41.46325], [172.542401, -41.465046], [172.540092, -41.465046], [172.540092, -41.46325]]]}}, {"type": "Feature", "properties": {"building": "yes", "levels": 4}, "geometry": {"type": "Polygon", "coordinates": [[[173.136062, -41.576609], [173.138071, -41.576609], [173.138071, -41.579392], [173.136062, -41.579392], [173.136062, -41.576609]]]}}, {"type": "Feature", "properties": {"building": "yes", "levels": 1}, "geometry": {"type": "Polygon", "coordinates": [[[173.887512, -42.27558], [173.888224, -42.27558], [173.888224, -42.276978], [173.887512, -42.276978], [173.887512, -42.27558]]]}}, {"type": "Feature", "properties": {"building": "yes", "levels": 1}, "geometry": {"type": "Polygon", "coordinates": [[[172.368173, -41.705737], [172.369561, -41.705737], [172.369561, -41.707801], [172.368173, -41.707801], [172.368173, -41.705737]]]}}, {"type": "Feature", "properties": {"building": "yes", "levels": 1}, "geometry": {"type": "Polygon", "coordinates": [[[173.611308, -41.157982], [173.614947, -41.157982], [173.614947, -41.158802], [173.611308, -41.158802], [173.611308, -41.157982]]]}}, {"type": "Feature", "properties": {"building": "yes", "levels": 2}, "geometry": {"type": "Polygon", "coordinates": [[[172.516835, -41.684826], [172.517896, -41.684826], [172.517896, -41.686883], [172.516835, -41.686883], [172.516835, -41.684826]]]}}, {"type": "Feature", "properties": {"building": "yes", "levels": 1}, "geometry": {"type": "Polygon", "coordinates": [[[172.703042, -41.748526], [172.705795, -41.748526], [172.705795, -41.750981], [172.703042, -41.750981], [172.703042, -41.748526]]]}}, {"type": "Feature", "properties": {"building": "yes", "levels": 2}, "geometry": {"type": "Polygon", "coordinates": [[[173.253877, -42.107488], [173.257732, -42.107488], [173.257732, -42.108351], [173.253877, -42.108351], [173.253877, -42.107488]]]}}, {"type": "Feature", "properties": {"building": "yes", "levels": 2}, "geometry": {"type": "Polygon", "coordinates": [[[173.835718, -42.266483], [173.83708, -42.266483], [173.83708, -42.267329], [173.835718, -42.267329], [173.835718, -42.266483]]]}}, {"type": "Feature", "properties": {"building": "yes", "levels": 1}, "geometry": {"type": "Polygon", "coordinates": [[[172.327373, -41.422805], [172.331258, -41.422805], [172.331258, -41.424072], [172.327373, -41.424072], [172.327373, -41.422805]]]}}, {"type": "Feature", "properties": {"building": "yes", "levels": 1}, "geometry": {"type": "Polygon", "coordinates": [[[173.03462, -41.767944], [173.036453, -41.767944], [173.036453, -41.76858], [173.03462, -41.76858], [173.03462, -41.767944]]]}}, {"type": "Feature", "properties": {"building": "yes", "levels": 3}, "geometry": {"type": "Polygon", "coordinates": [[[173.475606, -41.752763], [173.478072, -41.752763], [173.478072, -41.75571], [173.475606, -41.75571], [173.475606, -41.752763]]]}}, {"type": "Feature", "properties": {"building": "yes", "levels": 4}, "geometry": {"type": "Polygon", "coordinates": [[[173.01871, -41.481918], [173.020735, -41.481918], [173.020735, -41.485826], [173.01871, -41.485826], [173.01871, -41.481918]]]}}, {"type": "Feature", "properties": {"building": "yes", "levels": 1}, "geometry": {"type": "Polygon", "coordinates": [[[173.669724, -42.158016], [173.673057, -42.158016], [173.673057, -42.161669], [173.669724, -42.161669], [173.669724, -42.158016]]]}}, {"type": "Feature", "properties": {"building": "yes", "levels": 4}, "geometry": {"type": "Polygon", "coordinates": [[[172.730365, -41.701262], [172.734326, -41.701262], [172.734326, -41.70422], [172.730365, -41.70422], [172.730365, -41.701262]]]}}, {"type": "Feature", "properties": {"building": "yes", "levels": 1}, "geometry": {"type": "Polygon", "coordinates": [[[174.083822, -42.090667], [174.086678, -42.090667], [174.086678, -42.091562], [174.083822, -42.091562], [174.083822, -42.090667]]]}}, {"type": "Feature", "properties": {"building": "yes", "levels": 4}, "geometry": {"type": "Polygon", "coordinates": [[[173.935338, -41.159412], [173.938298, -41.159412], [173.938298, -41.161115], [173.935338, -41.161115], [173.935338, -41.159412]]]}}, {"type": "Feature", "properties": {"building": "yes", "levels": 4}, "geometry": {"type": "Polygon", "coordinates": [[[173.288107, -41.478739], [173.29201, -41.478739], [173.29201, -41.479343], [173.288107, -41.479343], [173.288107, -41.478739]]]}}, {"type": "Feature", "properties": {"building": "yes", "levels": 4}, "geometry": {"type": "Polygon", "coordinates": [[[173.218233, -41.810753], [173.222215, -41.810753], [173.222215, -41.81215], [173.218233, -41.81215], [173.218233, -41.810753]]]}}, {"type": "Feature", "properties": {"building": "yes", "levels": 3}, "geometry": {"type": "Polygon", "coordinates": [[[172.939366, -41.176942], [172.943284, -41.176942], [172.943284, -41.178447], [172.939366, -41.178447], [172.939366, -41.176942]]]}}, {"type": "Feature", "properties": {"building": "yes", "levels": 3}, "geometry": {"type": "Polygon", "coordinates": [[[172.429591, -42.05678], [172.43245, -42.05678], [172.43245, -42.060522], [172.429591, -42.060522], [172.429591, -42.05678]]]}}, {"type": "Feature", "properties": {"building": "yes", "levels": 4}, "geometry": {"type": "Polygon", "coordinates": [[[172.7721, -42.109227], [172.775616, -42.109227], [172.775616, -42.111009], [172.7721, -42.111009], [172.7721, -42.109227]]]}}, {"type": "Feature", "properties": {"building": "yes", "levels": 3}, "geometry": {"type": "Polygon", "coordinates": [[[173.32727, -42.299293], [173.328094, -42.299293], [173.328094, -42.302468], [173.32727, -42.302468], [173.32727, -42.299293]]]}}, {"type": "Feature", "properties": {"building": "yes", "levels": 2}, "geometry": {"type": "Polygon", "coordinates": [[[173.243077, -41.732969], [173.246442, -41.732969], [173.246442, -41.73438], [173.243077, -41.73438], [173.243077, -41.732969]]]}}, {"type": "Feature", "properties": {"building": "yes", "levels": 1}, "geometry": {"type": "Polygon", "coordinates": [[[172.574423, -41.894179], [172.575627, -41.894179], [172.575627, -41.898], [172.574423, -41.898], [172.574423, -41.894179]]]}}, {"type": "Feature", "properties": {"building": "yes", "levels": 4}, "geometry": {"type": "Polygon", "coordinates": [[[172.879533, -41.534115], [172.88307, -41.534115], [172.88307, -41.536171], [172.879533, -41.536171], [172.879533, -41.534115]]]}}, {"type": "Feature", "properties": {"building": "yes", "levels": 3}, "geometry": {"type": "Polygon", "coordinates": [[[172.57692, -41.401778], [172.577869, -41.401778], [172.577869, -41.403591], [172.57692, -41.403591], [172.57692, -41.401778]]]}}, {"type": "Feature", "properties": {"building": "yes", "levels": 1}, "geometry": {"type": "Polygon", "coordinates": [[[173.115049, -41.2056], [173.116994, -41.2056], [173.116994, -41.20959], [173.115049, -41.20959], [173.115049, -41.2056]]]}}, {"type": "Feature", "properties": {"building": "yes", "levels": 2}, "geometry": {"type": "Polygon", "coordinates": [[[173.108766, -41.674008], [173.11208, -41.674008], [173.11208, -41.677188], [173.108766, -41.677188], [173.108766, -41.674008]]]}}, {"type": "Feature", "properties": {"building": "yes", "levels": 3}, "geometry": {"type": "Polygon", "coordinates": [[[172.310655, -41.256627], [172.312917, -41.256627], [172.312917, -41.259472], [172.310655, -41.259472], [172.310655, -41.256627]]]}}, {"type": "Feature", "properties": {"building": "yes", "levels": 1}, "geometry": {"type": "Polygon", "coordinates": [[[173.242095, -42.061868], [173.243555, -42.061868], [173.243555, -42.064359], [173.242095, -42.064359], [173.242095, -42.061868]]]}}, {"type": "Feature", "properties": {"building": "yes", "levels": 3}, "geometry": {"type": "Polygon", "coordinates": [[[173.32699, -41.169282], [173.328197, -41.169282], [173.328197, -41.172323], [173.32699, -41.172323], [173.32699, -41.169282]]]}}, {"type": "Feature", "properties": {"building": "yes", "levels": 4}, "geometry": {"type": "Polygon", "coordinates": [[[173.950465, -41.406746], [173.951967, -41.406746], [173.951967, -41.408835], [173.950465, -41.408835], [173.950465, -41.406746]]]}}, {"type": "Feature", "properties": {"building": "yes", "levels": 3}, "geometry": {"type": "Polygon", "coordinates": [[[173.846004, -41.34202], [173.848042, -41.34202], [173.848042, -41.345313], [173.846004, -41.345313], [173.846004, -41.34202]]]}}, {"type": "Feature", "properties": {"building": "yes", "levels": 3}, "geometry": {"type": "Polygon", "coordinates": [[[173.956936, -41.960885], [173.958813, -41.960885], [173.958813, -41.961627], [173.956936, -41.961627], [173.956936, -41.960885]]]}}, {"type": "Feature", "properties": {"building": "yes", "levels": 2}, "geometry": {"type": "Polygon", "coordinates": [[[174.04561, -41.61716], [174.048276, -41.61716], [174.048276, -41.618634], [174.04561, -41.618634], [174.04561, -41.61716]]]}}, {"type": "Feature", "properties": {"building": "yes", "levels": 3}, "geometry": {"type": "Polygon", "coordinates": [[[172.993643, -41.794441], [172.997387, -41.794441], [172.997387, -41.795693], [172.993643, -41.795693], [172.993643, -41.794441]]]}}, {"type": "Feature", "properties": {"building": "yes", "levels": 4}, "geometry": {"type": "Polygon", "coordinates": [[[172.414041, -41.343755], [172.417566, -41.343755], [172.417566, -41.344627], [172.414041, -41.344627], [172.414041, -41.343755]]]}}, {"type": "Feature", "properties": {"building": "yes", "levels": 1}, "geometry": {"type": "Polygon", "coordinates": [[[172.982926, -41.730978], [172.985214, -41.730978], [172.985214, -41.734643], [172.982926, -41.734643], [172.982926, -41.730978]]]}}, {"type": "Feature", "properties": {"building": "yes", "levels": 4}, "geometry": {"type": "Polygon", "coordinates": [[[172.494056, -41.776187], [172.497835, -41.776187], [172.497835, -41.779171], [172.494056, -41.779171], [172.494056, -41.776187]]]}}, {"type": "Feature", "properties": {"building": "yes", "levels": 4}, "geometry": {"type": "Polygon", "coordinates": [[[173.046807, -41.668323], [173.050434, -41.668323], [173.050434, -41.670418], [173.046807, -41.670418], [173.046807, -41.668323]]]}}, {"type": "Feature", "properties": {"building": "yes", "levels": 2}, "geometry": {"type": "Polygon", "coordinates": [[[172.543506, -42.00336], [172.544139, -42.00336], [172.544139, -42.00475], [172.543506, -42.00475], [172.543506, -42.00336]]]}}, {"type": "Feature", "properties": {"building": "yes", "levels": 4}, "geometry": {"type": "Polygon", "coordinates": [[[173.02302, -41.148706], [173.025931, -41.148706], [173.025931, -41.151189], [173.02302, -41.151189], [173.02302, -41.148706]]]}}, {"type": "Feature", "properties": {"building": "yes", "levels": 1}, "geometry": {"type": "Polygon", "coordinates": [[[173.685781, -41.241743], [173.687131, -41.241743], [173.687131, -41.242605], [173.685781, -41.242605], [173.685781, -41.241743]]]}}, {"type": "Feature", "properties": {"building": "yes", "levels": 1}, "geometry": {"type": "Polygon", "coordinates": [[[172.483072, -41.2059], [172.486233, -41.2059], [172.486233, -41.208419], [172.483072, -41.208419], [172.483072, -41.2059]]]}}, {"type": "Feature", "properties": {"building": "yes", "levels": 4}, "geometry": {"type": "Polygon", "coordinates": [[[173.783188, -41.339803], [173.784929, -41.339803], [173.784929, -41.343338], [173.783188, -41.343338], [173.783188, -41.339803]]]}}, {"type": "Feature", "properties": {"building": "yes", "levels": 2}, "geometry": {"type": "Polygon", "coordinates": [[[173.81851, -41.268264], [173.820493, -41.268264], [173.820493, -41.269034], [173.81851, -41.269034], [173.81851, -41.268264]]]}}, {"type": "Feature", "properties": {"building": "yes", "levels": 3}, "geometry": {"type": "Polygon", "coordinates": [[[172.876879, -41.3283], [172.880819, -41.3283], [172.880819, -41.329533], [172.876879, -41.329533], [172.876879, -41.3283]]]}}, {"type": "Feature", "properties": {"building": "yes", "levels": 3}, "geometry": {"type": "Polygon", "coordinates": [[[173.236019, -41.203937], [173.237924, -41.203937], [173.237924, -41.206795], [173.236019, -41.206795], [173.236019, -41.203937]]]}}, {"type": "Feature", "properties": {"building": "yes", "levels": 3}, "geometry": {"type": "Polygon", "coordinates": [[[173.300249, -41.713177], [173.302277, -41.713177], [173.302277, -41.713951], [173.300249, -41.713951], [173.300249, -41.713177]]]}}, {"type": "Feature", "properties": {"building": "yes", "levels": 3}, "geometry": {"type": "Polygon", "coordinates": [[[172.74734, -41.556272], [172.749423, -41.556272], [172.749423, -41.558706], [172.74734, -41.558706], [172.74734, -41.556272]]]}}, {"type": "Feature", "properties": {"building": "yes", "levels": 4}, "geometry": {"type": "Polygon", "coordinates": [[[172.663613, -41.162529], [172.666038, -41.162529], [172.666038, -41.1644], [172.663613, -41.1644], [172.663613, -41.162529]]]}}, {"type": "Feature", "properties": {"building": "yes", "levels": 3}, "geometry": {"type": "Polygon", "coordinates": [[[173.481379, -41.951849], [173.48246, -41.951849], [173.48246, -41.955613], [173.481379, -41.955613], [173.481379, -41.951849]]]}}, {"type": "Feature", "properties": {"building": "yes", "levels": 3}, "geometry": {"type": "Polygon", "coordinates": [[[172.660479, -42.203254], [172.66297, -42.203254], [172.66297, -42.204028], [172.660479, -42.204028], [172.660479, -42.203254]]]}}, {"type": "Feature", "properties": {"building": "yes", "levels": 1}, "geometry": {"type": "Polygon", "coordinates": [[[172.315318, -41.181171], [172.319153, -41.181171], [172.319153, -41.18457], [172.315318, -41.18457], [172.315318, -41.181171]]]}}, {"type": "Feature", "properties": {"building": "yes", "levels": 4}, "geometry": {"type": "Polygon", "coordinates": [[[172.792403, -42.055306], [172.793994, -42.055306], [172.793994, -42.058322], [172.792403, -42.058322], [172.792403, -42.055306]]]}}, {"type": "Feature", "properties": {"building": "yes", "levels": 2}, "geometry": {"type": "Polygon", "coordinates": [[[173.030808, -41.973369], [173.032102, -41.973369], [173.032102, -41.97466], [173.030808, -41.97466], [173.030808, -41.973369]]]}}, {"type": "Feature", "properties": {"building": "yes", "levels": 1}, "geometry": {"type": "Polygon", "coordinates": [[[173.080697, -41.867128], [173.081464, -41.867128], [173.081464, -41.870661], [173.080697, -41.870661], [173.080697, -41.867128]]]}}, {"type": "Feature", "properties": {"building": "yes", "levels": 2}, "geometry": {"type": "Polygon", "coordinates": [[[173.765733, -41.696579], [173.766381, -41.696579], [173.766381, -41.699631], [173.765733, -41.699631], [173.765733, -41.696579]]]}}, {"type": "Feature", "properties": {"building": "yes", "levels": 2}, "geometry": {"type": "Polygon", "coordinates": [[[173.196791, -41.908622], [173.199685, -41.908622], [173.199685, -41.910225], [173.196791, -41.910225], [173.196791, -41.908622]]]}}, {"type": "Feature", "properties": {"building": "yes", "levels": 1}, "geometry": {"type": "Polygon", "coordinates": [[[173.262007, -41.290746], [173.26525, -41.290746], [173.26525, -41.293778], [173.262007, -41.293778], [173.262007, -41.290746]]]}}, {"type": "Feature", "properties": {"building": "yes", "levels": 2}, "geometry": {"type": "Polygon", "coordinates": [[[173.138194, -41.341953], [173.139105, -41.341953], [173.139105, -41.342724], [173.138194, -41.342724], [173.138194, -41.341953]]]}}, {"type": "Feature", "properties": {"building": "yes", "levels": 2}, "geometry": {"type": "Polygon", "coordinates": [[[173.485985, -41.409108], [173.489664, -41.409108], [173.489664, -41.41204], [173.485985, -41.41204], [173.485985, -41.409108]]]}}, {"type": "Feature", "properties": {"building": "yes", "levels": 4}, "geometry": {"type": "Polygon", "coordinates": [[[173.862714, -42.208627], [173.863768, -42.208627], [173.863768, -42.209771], [173.862714, -42.209771], [173.862714, -42.208627]]]}}, {"type": "Feature", "properties": {"building": "yes", "levels": 2}, "geometry": {"type": "Polygon", "coordinates": [[[172.828543, -41.379201], [172.831122, -41.379201], [172.831122, -41.380885], [172.828543, -41.380885], [172.828543, -41.379201]]]}}, {"type": "Feature", "properties": {"building": "yes", "levels": 2}, "geometry": {"type": "Polygon", "coordinates": [[[172.85722, -41.409648], [172.859686, -41.409648], [172.859686, -41.410977], [172.85722, -41.410977], [172.85722, -41.409648]]]}}, {"type": "Feature", "properties": {"building": "yes", "levels": 2}, "geometry": {"type": "Polygon", "coordinates": [[[173.004702, -41.139531], [173.006594, -41.139531], [173.006594, -41.142309], [173.004702, -41.142309], [173.004702, -41.139531]]]}}, {"type": "Feature", "properties": {"building": "yes", "levels": 2}, "geometry": {"type": "Polygon", "coordinates": [[[173.478692, -41.933031], [173.479966, -41.933031], [173.479966, -41.934137], [173.478692, -41.934137], [173.478692, -41.933031]]]}}, {"type": "Feature", "properties": {"building": "yes", "levels": 1}, "geometry": {"type": "Polygon", "coordinates": [[[173.073745, -41.914688], [173.074734, -41.914688], [173.074734, -41.918105], [173.073745, -41.918105], [173.073745, -41.914688]]]}}, {"type": "Feature", "properties": {"building": "yes", "levels": 1}, "geometry": {"type": "Polygon", "coordinates": [[[173.48349, -41.35257], [173.48632, -41.35257], [173.48632, -41.354952], [173.48349, -41.354952], [173.48349, -41.35257]]]}}, {"type": "Feature", "properties": {"building": "yes", "levels": 1}, "geometry": {"type": "Polygon", "coordinates": [[[172.823366, -41.517538], [172.826517, -41.517538], [172.826517, -41.519827], [172.823366, -41.519827], [172.823366, -41.517538]]]}}, {"type": "Feature", "properties": {"building": "yes", "levels": 1}, "geometry": {"type": "Polygon", "coordinates": [[[172.660918, -41.435999], [172.662548, -41.435999], [172.662548, -41.438584], [172.660918, -41.438584], [172.660918, -41.435999]]]}}, {"type": "Feature", "properties": {"building": "yes", "levels": 2}, "geometry": {"type": "Polygon", "coordinates": [[[172.662385, -41.664547], [172.665595, -41.664547], [172.665595, -41.667748], [172.662385, -41.667748], [172.662385, -41.664547]]]}}, {"type": "Feature", "properties": {"building": "yes", "levels": 1}, "geometry": {"type": "Polygon", "coordinates": [[[173.341818, -41.459837], [173.34439, -41.459837], [173.34439, -41.460779], [173.341818, -41.460779], [173.341818, -41.459837]]]}}, {"type": "Feature", "properties": {"building": "yes", "levels": 3}, "geometry": {"type": "Polygon", "coordinates": [[[172.919737, -42.233281], [172.92257, -42.233281], [172.92257, -42.234051], [172.919737, -42.234051], [172.919737, -42.233281]]]}}, {"type": "Feature", "properties": {"building": "yes", "levels": 1}, "geometry": {"type": "Polygon", "coordinates": [[[172.930414, -41.677249], [172.932134, -41.677249], [172.932134, -41.679087], [172.930414, -41.679087], [172.930414, -41.677249]]]}}, {"type": "Feature", "properties": {"building": "yes", "levels": 1}, "geometry": {"type": "Polygon", "coordinates": [[[173.717907, -41.457879], [173.718743, -41.457879], [173.718743, -41.46038], [173.717907, -41.46038], [173.717907, -41.457879]]]}}, {"type": "Feature", "properties": {"building": "yes", "levels": 1}, "geometry": {"type": "Polygon", "coordinates": [[[173.644527, -41.235544], [173.645675, -41.235544], [173.645675, -41.237481], [173.644527, -41.237481], [173.644527, -41.235544]]]}}, {"type": "Feature", "properties": {"building": "yes", "levels": 2}, "geometry": {"type": "Polygon", "coordinates": [[[172.360709, -41.716038], [172.361639, -41.716038], [172.361639, -41.718837], [172.360709, -41.718837], [172.360709, -41.716038]]]}}, {"type": "Feature", "properties": {"building": "yes", "levels": 2}, "geometry": {"type": "Polygon", "coordinates": [[[173.047587, -42.104628], [173.048446, -42.104628], [173.048446, -42.107702], [173.047587, -42.107702], [173.047587, -42.104628]]]}}, {"type": "Feature", "properties": {"building": "yes", "levels": 4}, "geometry": {"type": "Polygon", "coordinates": [[[172.946987, -41.895295], [172.947893, -41.895295], [172.947893, -41.895912], [172.946987, -41.895912], [172.946987, -41.895295]]]}}, {"type": "Feature", "properties": {"building": "yes", "levels": 2}, "geometry": {"type": "Polygon", "coordinates": [[[172.84609, -41.413537], [172.847053, -41.413537], [172.847053, -41.414949], [172.84609, -41.414949], [172.84609, -41.413537]]]}}, {"type": "Feature", "properties": {"building": "yes", "levels": 2}, "geometry": {"type": "Polygon", "coordinates": [[[173.193032, -41.743184], [173.194032, -41.743184], [173.194032, -41.745374], [173.193032, -41.745374], [173.193032, -41.743184]]]}}, {"type": "Feature", "properties": {"building": "yes", "levels": 3}, "geometry": {"type": "Polygon", "coordinates": [[[173.323073, -41.150476], [173.324545, -41.150476], [173.324545, -41.154304], [173.323073, -41.154304], [173.323073, -41.150476]]]}}, {"type": "Feature", "properties": {"building": "yes", "levels": 2}, "geometry": {"type": "Polygon", "coordinates": [[[173.026693, -41.34415], [173.027725, -41.34415], [173.027725, -41.345566], [173.026693, -41.345566], [173.026693, -41.34415]]]}}, {"type": "Feature", "properties": {"building": "yes", "levels": 2}, "geometry": {"type": "Polygon", "coordinates": [[[173.903096, -41.118134], [173.906904, -41.118134], [173.906904, -41.120394], [173.903096, -41.120394], [173.903096, -41.118134]]]}}, {"type": "Feature", "properties": {"building": "yes", "levels": 3}, "geometry": {"type": "Polygon", "coordinates": [[[173.540126, -41.375114], [173.543276, -41.375114], [173.543276, -41.376237], [173.540126, -41.376237], [173.540126, -41.375114]]]}}, {"type": "Feature", "properties": {"building": "yes", "levels": 1}, "geometry": {"type": "Polygon", "coordinates": [[[174.096684, -41.608803], [174.099406, -41.608803], [174.099406, -41.609776], [174.096684, -41.609776], [174.096684, -41.608803]]]}}, {"type": "Feature", "properties": {"building": "yes", "levels": 1}, "geometry": {"type": "Polygon", "coordinates": [[[172.451787, -41.794221], [172.453182, -41.794221], [172.453182, -41.796845], [172.451787, -41.796845], [172.451787, -41.794221]]]}}, {"type": "Feature", "properties": {"building": "yes", "levels": 2}, "geometry": {"type": "Polygon", "coordinates": [[[173.778459, -41.187664], [173.780206, -41.187664], [173.780206, -41.188597], [173.778459, -41.188597], [173.778459, -41.187664]]]}}, {"type": "Feature", "properties": {"building": "yes", "levels": 4}, "geometry": {"type": "Polygon", "coordinates": [[[173.412847, -41.930207], [173.416217, -41.930207], [173.416217, -41.93197], [173.412847, -41.93197], [173.412847, -41.930207]]]}}, {"type": "Feature", "properties": {"building": "yes", "levels": 4}, "geometry": {"type": "Polygon", "coordinates": [[[173.365353, -41.319364], [173.367033, -41.319364], [173.367033, -41.323131], [173.365353, -41.323131], [173.365353, -41.319364]]]}}, {"type": "Feature", "properties": {"building": "yes", "levels": 2}, "geometry": {"type": "Polygon", "coordinates": [[[172.358031, -42.046336], [172.359134, -42.046336], [172.359134, -42.048675], [172.358031, -42.048675], [172.358031, -42.046336]]]}}, {"type": "Feature", "properties": {"building": "yes", "levels": 2}, "geometry": {"type": "Polygon", "coordinates": [[[172.572222, -41.513183], [172.573299, -41.513183], [172.573299, -41.514457], [172.572222, -41.514457], [172.572222, -41.513183]]]}}, {"type": "Feature", "properties": {"building": "yes", "levels": 4}, "geometry": {"type": "Polygon", "coordinates": [[[173.534865, -41.950317], [173.535693, -41.950317], [173.535693, -41.950927], [173.534865, -41.950927], [173.534865, -41.950317]]]}}, {"type": "Feature", "properties": {"building": "yes", "levels": 1}, "geometry": {"type": "Polygon", "coordinates": [[[172.367912, -41.730663], [172.369634, -41.730663], [172.369634, -41.731498], [172.367912, -41.731498], [172.367912, -41.730663]]]}}, {"type": "Feature", "properties": {"building": "yes", "levels": 1}, "geometry": {"type": "Polygon", "coordinates": [[[172.65827, -41.850187], [172.661746, -41.850187], [172.661746, -41.853461], [172.65827, -41.853461], [172.65827, -41.850187]]]}}, {"type": "Feature", "properties": {"building": "yes", "levels": 4}, "geometry": {"type": "Polygon", "coordinates": [[[173.471703, -42.265623], [173.474284, -42.265623], [173.474284, -42.268955], [173.471703, -42.268955], [173.471703, -42.265623]]]}}, {"type": "Feature", "properties": {"building": "yes", "levels": 3}, "geometry": {"type": "Polygon", "coordinates": [[[173.510893, -41.994669], [173.511952, -41.994669], [173.511952, -41.998086], [173.510893, -41.998086], [173.510893, -41.994669]]]}}, {"type": "Feature", "properties": {"building": "yes", "levels": 2}, "geometry": {"type": "Polygon", "coordinates": [[[173.928612, -41.993955], [173.932042, -41.993955], [173.932042, -41.997283], [173.928612, -41.997283], [173.928612, -41.993955]]]}}, {"type": "Feature", "properties": {"building": "yes", "levels": 3}, "geometry": {"type": "Polygon", "coordinates": [[[173.083578, -42.090209], [173.086845, -42.090209], [173.086845, -42.093769], [173.083578, -42.093769], [173.083578, -42.090209]]]}}, {"type": "Feature", "properties": {"building": "yes", "levels": 1}, "geometry": {"type": "Polygon", "coordinates": [[[173.646444, -41.812314], [173.649272, -41.812314], [173.649272, -41.815064], [173.646444, -41.815064], [173.646444, -41.812314]]]}}, {"type": "Feature", "properties": {"building": "yes", "levels": 2}, "geometry": {"type": "Polygon", "coordinates": [[[174.043228, -42.044975], [174.044685, -42.044975], [174.044685, -42.048426], [174.043228, -42.048426], [174.043228, -42.044975]]]}}, {"type": "Feature", "properties": {"building": "yes", "levels": 1}, "geometry": {"type": "Polygon", "coordinates": [[[172.732191, -41.805151], [172.7347, -41.805151], [172.7347, -41.808735], [172.732191, -41.808735], [172.732191, -41.805151]]]}}, {"type": "Feature", "properties": {"building": "yes", "levels": 3}, "geometry": {"type": "Polygon", "coordinates": [[[173.005624, -42.04061], [173.008922, -42.04061], [173.008922, -42.043532], [173.005624, -42.043532], [173.005624, -42.04061]]]}}, {"type": "Feature", "properties": {"building": "yes", "levels": 3}, "geometry": {"type": "Polygon", "coordinates": [[[173.786385, -41.587489], [173.787281, -41.587489], [173.787281, -41.590308], [173.786385, -41.590308], [173.786385, -41.587489]]]}}, {"type": "Feature", "properties": {"building": "yes", "levels": 3}, "geometry": {"type": "Polygon", "coordinates": [[[173.493903, -42.184961], [173.495954, -42.184961], [173.495954, -42.186597], [173.493903, -42.186597], [173.493903, -42.184961]]]}}, {"type": "Feature", "properties": {"building": "yes", "levels": 4}, "geometry": {"type": "Polygon", "coordinates": [[[173.180295, -41.119624], [173.181271, -41.119624], [173.181271, -41.122986], [173.180295, -41.122986], [173.180295, -41.119624]]]}}, {"type": "Feature", "properties": {"building": "yes", "levels": 1}, "geometry": {"type": "Polygon", "coordinates": [[[173.039452, -41.45935], [173.040548, -41.45935], [173.040548, -41.461804], [173.039452, -41.461804], [173.039452, -41.45935]]]}}, {"type": "Feature", "properties": {"building": "yes", "levels": 1}, "geometry": {"type": "Polygon", "coordinates": [[[172.936686, -42.113445], [172.939391, -42.113445], [172.939391, -42.115038], [172.936686, -42.115038], [172.936686, -42.113445]]]}}, {"type": "Feature", "properties": {"building": "yes", "levels": 2}, "geometry": {"type": "Polygon", "coordinates": [[[174.08643, -41.324747], [174.090054, -41.324747], [174.090054, -41.326732], [174.08643, -41.326732], [174.08643, -41.324747]]]}}, {"type": "Feature", "properties": {"building": "yes", "levels": 2}, "geometry": {"type": "Polygon", "coordinates": [[[172.517279, -41.919541], [172.51802, -41.919541], [172.51802, -41.922939], [172.517279, -41.922939], [172.517279, -41.919541]]]}}, {"type": "Feature", "properties": {"building": "yes", "levels": 3}, "geometry": {"type": "Polygon", "coordinates": [[[173.001406, -41.499193], [173.002519, -41.499193], [173.002519, -41.500363], [173.001406, -41.500363], [173.001406, -41.499193]]]}}, {"type": "Feature", "properties": {"building": "yes", "levels": 4}, "geometry": {"type": "Polygon", "coordinates": [[[173.901741, -41.83229], [173.90538, -41.83229], [173.90538, -41.834231], [173.901741, -41.834231], [173.901741, -41.83229]]]}}, {"type": "Feature", "properties": {"building": "yes", "levels": 2}, "geometry": {"type": "Polygon", "coordinates": [[[172.873288, -42.15145], [172.876577, -42.15145], [172.876577, -42.154112], [172.873288, -42.154112], [172.873288, -42.15145]]]}}, {"type": "Feature", "properties": {"building": "yes", "levels": 2}, "geometry": {"type": "Polygon", "coordinates": [[[173.003685, -41.11087], [173.007187, -41.11087], [173.007187, -41.111823], [173.003685, -41.111823], [173.003685, -41.11087]]]}}, {"type": "Feature", "properties": {"building": "yes", "levels": 1}, "geometry": {"type": "Polygon", "coordinates": [[[173.118227, -42.071274], [173.11968, -42.071274], [173.11968, -42.073071], [173.118227, -42.073071], [173.118227, -42.071274]]]}}, {"type": "Feature", "properties": {"building": "yes", "levels": 2}, "geometry": {"type": "Polygon", "coordinates": [[[174.072137, -41.981486], [174.075297, -41.981486], [174.075297, -41.984351], [174.072137, -41.984351], [174.072137, -41.981486]]]}}, {"type": "Feature", "properties": {"building": "yes", "levels": 3}, "geometry": {"type": "Polygon", "coordinates": [[[173.971501, -42.172561], [173.974367, -42.172561], [173.974367, -42.173419], [173.971501, -42.173419], [173.971501, -42.172561]]]}}, {"type": "Feature", "properties": {"building": "yes", "levels": 4}, "geometry": {"type": "Polygon", "coordinates": [[[173.099375, -42.249413], [173.101205, -42.249413], [173.101205, -42.252261], [173.099375, -42.252261], [173.099375, -42.249413]]]}}, {"type": "Feature", "properties": {"building": "yes", "levels": 4}, "geometry": {"type": "Polygon", "coordinates": [[[173.988069, -42.070411], [173.988872, -42.070411], [173.988872, -42.073237], [173.988069, -42.073237], [173.988069, -42.070411]]]}}, {"type": "Feature", "properties": {"building": "yes", "levels": 1}, "geometry": {"type": "Polygon", "coordinates": [[[172.954701, -42.271438], [172.955494, -42.271438], [172.955494, -42.274877], [172.954701, -42.274877], [172.954701, -42.271438]]]}}, {"type": "Feature", "properties": {"building": "yes", "levels": 4}, "geometry": {"type": "Polygon", "coordinates": [[[173.303344, -41.63728], [173.306497, -41.63728], [173.306497, -41.64091], [173.303344, -41.64091], [173.303344, -41.63728]]]}}, {"type": "Feature", "properties": {"building": "yes", "levels": 3}, "geometry": {"type": "Polygon", "coordinates": [[[172.363193, -41.490235], [172.364259, -41.490235], [172.364259, -41.494075], [172.363193, -41.494075], [172.363193, -41.490235]]]}}, {"type": "Feature", "properties": {"building": "yes", "levels": 4}, "geometry": {"type": "Polygon", "coordinates": [[[172.560147, -41.805058], [172.562708, -41.805058], [172.562708, -41.805816], [172.560147, -41.805816], [172.560147, -41.805058]]]}}, {"type": "Feature", "properties": {"building": "yes", "levels": 2}, "geometry": {"type": "Polygon", "coordinates": [[[172.612449, -41.807486], [172.616388, -41.807486], [172.616388, -41.810219], [172.612449, -41.810219], [172.612449, -41.807486]]]}}, {"type": "Feature", "properties": {"building": "yes", "levels": 1}, "geometry": {"type": "Polygon", "coordinates": [[[172.824108, -41.753145], [172.826139, -41.753145], [172.826139, -41.757071], [172.824108, -41.757071], [172.824108, -41.753145]]]}}, {"type": "Feature", "properties": {"building": "yes", "levels": 3}, "geometry": {"type": "Polygon", "coordinates": [[[173.748827, -41.911797], [173.75072, -41.911797], [173.75072, -41.915671], [173.748827, -41.915671], [173.748827, -41.911797]]]}}, {"type": "Feature", "properties": {"building": "yes", "levels": 1}, "geometry": {"type": "Polygon", "coordinates": [[[173.543532, -41.432977], [173.544682, -41.432977], [173.544682, -41.435532], [173.543532, -41.435532], [173.543532, -41.432977]]]}}, {"type": "Feature", "properties": {"building": "yes", "levels": 1}, "geometry": {"type": "Polygon", "coordinates": [[[173.728589, -41.516694], [173.729665, -41.516694], [173.729665, -41.519049], [173.728589, -41.519049], [173.728589, -41.516694]]]}}, {"type": "Feature", "properties": {"building": "yes", "levels": 1}, "geometry": {"type": "Polygon", "coordinates": [[[172.591869, -41.986014], [172.59305, -41.986014], [172.59305, -41.987674], [172.591869, -41.987674], [172.591869, -41.986014]]]}}, {"type": "Feature", "properties": {"building": "yes", "levels": 2}, "geometry": {"type": "Polygon", "coordinates": [[[173.357092, -42.265775], [173.360334, -42.265775], [173.360334, -42.267599], [173.357092, -42.267599], [173.357092, -42.265775]]]}}, {"type": "Feature", "properties": {"building": "yes", "levels": 4}, "geometry": {"type": "Polygon", "coordinates": [[[172.790229, -42.16949], [172.792443, -42.16949], [172.792443, -42.172201], [172.790229, -42.172201], [172.790229, -42.16949]]]}}, {"type": "Feature", "properties": {"building": "yes", "levels": 4}, "geometry": {"type": "Polygon", "coordinates": [[[173.025539, -41.917867], [173.027369, -41.917867], [173.027369, -41.919554], [173.025539, -41.919554], [173.025539, -41.917867]]]}}, {"type": "Feature", "properties": {"building": "yes", "levels": 4}, "geometry": {"type": "Polygon", "coordinates": [[[172.780328, -41.34477], [172.784017, -41.34477], [172.784017, -41.3469], [172.780328, -41.3469], [172.780328, -41.34477]]]}}, {"type": "Feature", "properties": {"building": "yes", "levels": 4}, "geometry": {"type": "Polygon", "coordinates": [[[173.446802, -42.034376], [173.448472, -42.034376], [173.448472, -42.035493], [173.446802, -42.035493], [173.446802, -42.034376]]]}}, {"type": "Feature", "properties": {"building": "yes", "levels": 4}, "geometry": {"type": "Polygon", "coordinates": [[[173.490448, -42.117719], [173.492448, -42.117719], [173.492448, -42.118579], [173.490448, -42.118579], [173.490448, -42.117719]]]}}, {"type": "Feature", "properties": {"building": "yes", "levels": 1}, "geometry": {"type": "Polygon", "coordinates": [[[172.952935, -42.200988], [172.955334, -42.200988], [172.955334, -42.202568], [172.952935, -42.202568], [172.952935, -42.200988]]]}}, {"type": "Feature", "properties": {"building": "yes", "levels": 3}, "geometry": {"type": "Polygon", "coordinates": [[[172.767508, -42.025635], [172.768248, -42.025635], [172.768248, -42.029046], [172.767508, -42.029046], [172.767508, -42.025635]]]}}, {"type": "Feature", "properties": {"building": "yes", "levels": 1}, "geometry": {"type": "Polygon", "coordinates": [[[172.936578, -42.227907], [172.938081, -42.227907], [172.938081, -42.229335], [172.936578, -42.229335], [172.936578, -42.227907]]]}}, {"type": "Feature", "properties": {"building": "yes", "levels": 1}, "geometry": {"type": "Polygon", "coordinates": [[[173.87608, -41.215685], [173.87873, -41.215685], [173.87873, -41.219101], [173.87608, -41.219101], [173.87608, -41.215685]]]}}, {"type": "Feature", "properties": {"building": "yes", "levels": 1}, "geometry": {"type": "Polygon", "coordinates": [[[173.974062, -41.299105], [173.975262, -41.299105], [173.975262, -41.302163], [173.974062, -41.302163], [173.974062, -41.299105]]]}}, {"type": "Feature", "properties": {"building": "yes", "levels": 3}, "geometry": {"type": "Polygon", "coordinates": [[[173.694298, -41.573397], [173.698095, -41.573397], [173.698095, -41.576522], [173.694298, -41.576522], [173.694298, -41.573397]]]}}, {"type": "Feature", "properties": {"building": "yes", "levels": 2}, "geometry": {"type": "Polygon", "coordinates": [[[173.01996, -41.699774], [173.021705, -41.699774], [173.021705, -41.703315], [173.01996, -41.703315], [173.01996, -41.699774]]]}}, {"type": "Feature", "properties": {"building": "yes", "levels": 2}, "geometry": {"type": "Polygon", "coordinates": [[[173.257225, -41.725432], [173.260101, -41.725432], [173.260101, -41.729098], [173.257225, -41.729098], [173.257225, -41.725432]]]}}, {"type": "Feature", "properties": {"building": "yes", "levels": 1}, "geometry": {"type": "Polygon", "coordinates": [[[172.683495, -41.918287], [172.687239, -41.918287], [172.687239, -41.919114], [172.683495, -41.919114], [172.683495, -41.918287]]]}}, {"type": "Feature", "properties": {"building": "yes", "levels": 3}, "geometry": {"type": "Polygon", "coordinates": [[[173.833482, -41.901374], [173.836047, -41.901374], [173.836047, -41.903347], [173.833482, -41.903347], [173.833482, -41.901374]]]}}, {"type": "Feature", "properties": {"building": "yes", "levels": 2}, "geometry": {"type": "Polygon", "coordinates": [[[173.713377, -41.915449], [173.716877, -41.915449], [173.716877, -41.916499], [173.713377, -41.916499], [173.713377, -41.915449]]]}}, {"type": "Feature", "properties": {"building": "yes", "levels": 1}, "geometry": {"type": "Polygon", "coordinates": [[[173.50879, -42.004938], [173.511092, -42.004938], [173.511092, -42.008592], [173.50879, -42.008592], [173.50879, -42.004938]]]}}, {"type": "Feature", "properties": {"building": "yes", "levels": 2}, "geometry": {"type": "Polygon", "coordinates": [[[173.637416, -42.085175], [173.640222, -42.085175], [173.640222, -42.088763], [173.637416, -42.088763], [173.637416, -42.085175]]]}}, {"type": "Feature", "properties": {"building": "yes", "levels": 1}, "geometry": {"type": "Polygon", "coordinates": [[[173.465418, -42.150617], [173.467325, -42.150617], [173.467325, -42.154264], [173.465418, -42.154264], [173.465418, -42.150617]]]}}, {"type": "Feature", "properties": {"building": "yes", "levels": 2}, "geometry": {"type": "Polygon", "coordinates": [[[173.688744, -41.825818], [173.691075, -41.825818], [173.691075, -41.828484], [173.688744, -41.828484], [173.688744, -41.825818]]]}}, {"type": "Feature", "properties": {"building": "yes", "levels": 1}, "geometry": {"type": "Polygon", "coordinates": [[[172.856654, -41.53169], [172.859188, -41.53169], [172.859188, -41.53531], [172.856654, -41.53531], [172.856654, -41.53169]]]}}, {"type": "Feature", "properties": {"building": "yes", "levels": 3}, "geometry": {"type": "Polygon", "coordinates": [[[172.947489, -41.939323], [172.948334, -41.939323], [172.948334, -41.942774], [172.947489, -41.942774], [172.947489, -41.939323]]]}}, {"type": "Feature", "properties": {"building": "yes", "levels": 1}, "geometry": {"type": "Polygon", "coordinates": [[[172.693106, -41.649285], [172.696304, -41.649285], [172.696304, -41.651404], [172.693106, -41.651404], [172.693106, -41.649285]]]}}, {"type": "Feature", "properties": {"building": "yes", "levels": 4}, "geometry": {"type": "Polygon", "coordinates": [[[174.059089, -41.808295], [174.061715, -41.808295], [174.061715, -41.809004], [174.059089, -41.809004], [174.059089, -41.808295]]]}}, {"type": "Feature", "properties": {"building": "yes", "levels": 3}, "geometry": {"type": "Polygon", "coordinates": [[[172.498982, -41.369365], [172.501722, -41.369365], [172.501722, -41.371122], [172.498982, -41.371122], [172.498982, -41.369365]]]}}, {"type": "Feature", "properties": {"building": "yes", "levels": 3}, "geometry": {"type": "Polygon", "coordinates": [[[173.255247, -41.376348], [173.257739, -41.376348], [173.257739, -41.379738], [173.255247, -41.379738], [173.255247, -41.376348]]]}}, {"type": "Feature", "properties": {"building": "yes", "levels": 2}, "geometry": {"type": "Polygon", "coordinates": [[[173.810929, -42.070474], [173.813355, -42.070474], [173.813355, -42.071178], [173.810929, -42.071178], [173.810929, -42.070474]]]}}, {"type": "Feature", "properties": {"building": "yes", "levels": 3}, "geometry": {"type": "Polygon", "coordinates": [[[172.35107, -41.705603], [172.353112, -41.705603], [172.353112, -41.706418], [172.35107, -41.706418], [172.35107, -41.705603]]]}}, {"type": "Feature", "properties": {"building": "yes", "levels": 4}, "geometry": {"type": "Polygon", "coordinates": [[[173.604156, -41.801904], [173.606117, -41.801904], [173.606117, -41.804245], [173.604156, -41.804245], [173.604156, -41.801904]]]}}, {"type": "Feature", "properties": {"building": "yes", "levels": 3}, "geometry": {"type": "Polygon", "coordinates": [[[172.707306, -42.141185], [172.711292, -42.141185], [172.711292, -42.144519], [172.707306, -42.144519], [172.707306, -42.141185]]]}}, {"type": "Feature", "properties": {"building": "yes", "levels": 4}, "geometry": {"type": "Polygon", "coordinates": [[[173.484087, -41.402105], [173.486869, -41.402105], [173.486869, -41.404662], [173.484087, -41.404662], [173.484087, -41.402105]]]}}, {"type": "Feature", "properties": {"building": "yes", "levels": 3}, "geometry": {"type": "Polygon", "coordinates": [[[173.117144, -41.919202], [173.120153, -41.919202], [173.120153, -41.921348], [173.117144, -41.921348], [173.117144, -41.919202]]]}}, {"type": "Feature", "properties": {"building": "yes", "levels": 1}, "geometry": {"type": "Polygon", "coordinates": [[[173.408233, -41.234258], [173.409396, -41.234258], [173.409396, -41.237441], [173.408233, -41.237441], [173.408233, -41.234258]]]}}, {"type": "Feature", "properties": {"building": "yes", "levels": 2}, "geometry": {"type": "Polygon", "coordinates": [[[173.624789, -41.719451], [173.62688, -41.719451], [173.62688, -41.720723], [173.624789, -41.720723], [173.624789, -41.719451]]]}}, {"type": "Feature", "properties": {"building": "yes", "levels": 3}, "geometry": {"type": "Polygon", "coordinates": [[[173.69197, -41.341408], [173.695139, -41.341408], [173.695139, -41.344857], [173.69197, -41.344857], [173.69197, -41.341408]]]}}, {"type": "Feature", "properties": {"building": "yes", "levels": 1}, "geometry": {"type": "Polygon", "coordinates": [[[173.645773, -42.237966], [173.649501, -42.237966], [173.649501, -42.241023], [173.645773, -42.241023], [173.645773, -42.237966]]]}}, {"type": "Feature", "properties": {"building": "yes", "levels": 3}, "geometry": {"type": "Polygon", "coordinates": [[[172.412913, -41.346769], [172.413557, -41.346769], [172.413557, -41.350306], [172.412913, -41.350306], [172.412913, -41.346769]]]}}, {"type": "Feature", "properties": {"building": "yes", "levels": 3}, "geometry": {"type": "Polygon", "coordinates": [[[173.303956, -41.853091], [173.306479, -41.853091], [173.306479, -41.854764], [173.303956, -41.854764], [173.303956, -41.853091]]]}}, {"type": "Feature", "properties": {"building": "yes", "levels": 1}, "geometry": {"type": "Polygon", "coordinates": [[[172.850346, -41.15309], [172.851541, -41.15309], [172.851541, -41.154898], [172.850346, -41.154898], [172.850346, -41.15309]]]}}, {"type": "Feature", "properties": {"building": "yes", "levels": 2}, "geometry": {"type": "Polygon", "coordinates": [[[173.748072, -41.646067], [173.74902, -41.646067], [173.74902, -41.64703], [173.748072, -41.64703], [173.748072, -41.646067]]]}}, {"type": "Feature", "properties": {"building": "yes", "levels": 3}, "geometry": {"type": "Polygon", "coordinates": [[[172.954978, -42.161115], [172.957231, -42.161115], [172.957231, -42.161996], [172.954978, -42.161996], [172.954978, -42.161115]]]}}, {"type": "Feature", "properties": {"building": "yes", "levels": 1}, "geometry": {"type": "Polygon", "coordinates": [[[173.73055, -41.671491], [173.733944, -41.671491], [173.733944, -41.672527], [173.73055, -41.672527], [173.73055, -41.671491]]]}}, {"type": "Feature", "properties": {"building": "yes", "levels": 1}, "geometry": {"type": "Polygon", "coordinates": [[[173.250942, -41.401486], [173.252865, -41.401486], [173.252865, -41.403289], [173.250942, -41.403289], [173.250942, -41.401486]]]}}, {"type": "Feature", "properties": {"building": "yes", "levels": 4}, "geometry": {"type": "Polygon", "coordinates": [[[173.987529, -41.331702], [173.989075, -41.331702], [173.989075, -41.335073], [173.987529, -41.335073], [173.987529, -41.331702]]]}}, {"type": "Feature", "properties": {"building": "yes", "levels": 4}, "geometry": {"type": "Polygon", "coordinates": [[[173.693947, -41.970877], [173.695094, -41.970877], [173.695094, -41.974525], [173.693947, -41.974525], [173.693947, -41.970877]]]}}, {"type": "Feature", "properties": {"building": "yes", "levels": 4}, "geometry": {"type": "Polygon", "coordinates": [[[172.540893, -41.115451], [172.542221, -41.115451], [172.542221, -41.118041], [172.540893, -41.118041], [172.540893, -41.115451]]]}}, {"type": "Feature", "properties": {"building": "yes", "levels": 1}, "geometry": {"type": "Polygon", "coordinates": [[[172.349686, -42.075843], [172.353595, -42.075843], [172.353595, -42.076736], [172.349686, -42.076736], [172.349686, -42.075843]]]}}, {"type": "Feature", "properties": {"building": "yes", "levels": 3}, "geometry": {"type": "Polygon", "coordinates": [[[172.667126, -41.787402], [172.670833, -41.787402], [172.670833, -41.790921], [172.667126, -41.790921], [172.667126, -41.787402]]]}}, {"type": "Feature", "properties": {"building": "yes", "levels": 2}, "geometry": {"type": "Polygon", "coordinates": [[[173.424246, -42.162376], [173.426493, -42.162376], [173.426493, -42.165151], [173.424246, -42.165151], [173.424246, -42.162376]]]}}, {"type": "Feature", "properties": {"building": "yes", "levels": 1}, "geometry": {"type": "Polygon", "coordinates": [[[172.313206, -41.345333], [172.315012, -41.345333], [172.315012, -41.348927], [172.313206, -41.348927], [172.313206, -41.345333]]]}}, {"type": "Feature", "properties": {"building": "yes", "levels": 4}, "geometry": {"type": "Polygon", "coordinates": [[[173.364199, -41.251489], [173.365479, -41.251489], [173.365479, -41.253641], [173.364199, -41.253641], [173.364199, -41.251489]]]}}, {"type": "Feature", "properties": {"building": "yes", "levels": 2}, "geometry": {"type": "Polygon", "coordinates": [[[173.671044, -41.784192], [173.674089, -41.784192], [173.674089, -41.787722], [173.671044, -41.787722], [173.671044, -41.784192]]]}}, {"type": "Feature", "properties": {"building": "yes", "levels": 4}, "geometry": {"type": "Polygon", "coordinates": [[[173.020389, -41.907475], [173.023416, -41.907475], [173.023416, -41.90889], [173.020389, -41.90889], [173.020389, -41.907475]]]}}, {"type": "Feature", "properties": {"building": "yes", "levels": 4}, "geometry": {"type": "Polygon", "coordinates": [[[173.545658, -41.666057], [173.54674, -41.666057], [173.54674, -41.669747], [173.545658, -41.669747], [173.545658, -41.666057]]]}}, {"type": "Feature", "properties": {"building": "yes", "levels": 4}, "geometry": {"type": "Polygon", "coordinates": [[[172.412935, -41.386321], [172.41689, -41.386321], [172.41689, -41.387699], [172.412935, -41.387699], [172.412935, -41.386321]]]}}, {"type": "Feature", "properties": {"building": "yes", "levels": 1}, "geometry": {"type": "Polygon", "coordinates": [[[173.318944, -41.994272], [173.320306, -41.994272], [173.320306, -41.997382], [173.318944, -41.997382], [173.318944, -41.994272]]]}}, {"type": "Feature", "properties": {"building": "yes", "levels": 4}, "geometry": {"type": "Polygon", "coordinates": [[[172.73672, -42.189592], [172.738, -42.189592], [172.738, -42.190195], [172.73672, -42.190195], [172.73672, -42.189592]]]}}, {"type": "Feature", "properties": {"building": "yes", "levels": 1}, "geometry": {"type": "Polygon", "coordinates": [[[172.387625, -41.388541], [172.39139, -41.388541], [172.39139, -41.389888], [172.387625, -41.389888], [172.387625, -41.388541]]]}}, {"type": "Feature", "properties": {"building": "yes", "levels": 2}, "geometry": {"type": "Polygon", "coordinates": [[[173.974638, -41.866367], [173.978364, -41.866367], [173.978364, -41.867861], [173.974638, -41.867861], [173.974638, -41.866367]]]}}, {"type": "Feature", "properties": {"building": "yes", "levels": 1}, "geometry": {"type": "Polygon", "coordinates": [[[173.142247, -41.674616], [173.146099, -41.674616], [173.146099, -41.677798], [173.142247, -41.677798], [173.142247, -41.674616]]]}}, {"type": "Feature", "properties": {"building": "yes", "levels": 1}, "geometry": {"type": "Polygon", "coordinates": [[[172.636488, -42.068477], [172.637641, -42.068477], [172.637641, -42.070818], [172.636488, -42.070818], [172.636488, -42.068477]]]}}, {"type": "Feature", "properties": {"landuse": "forest"}, "geometry": {"type": "Polygon", "coordinates": [[[173.242922, -42.248159], [173.239537, -42.235527], [173.230289, -42.226279], [173.217657, -42.222894], [173.205025, -42.226279], [173.195777, -42.235527], [173.192392, -42.248159], [173.195777, -42.260792], [173.205025, -42.270039], [173.217657, -42.273424], [173.230289, -42.270039], [173.239537, -42.260792], [173.242922, -42.248159]]]}}, {"type": "Feature", "properties": {"landuse": "forest"}, "geometry": {"type": "Polygon", "coordinates": [[[172.465779, -41.135655], [172.460965, -41.117689], [172.447814, -41.104538], [172.429848, -41.099724], [172.411883, -41.104538], [172.398732, -41.117689], [172.393918, -41.135655], [172.398732, -41.15362], [172.411883, -41.166771], [172.429848, -41.171585], [172.447814, -41.166771], [172.460965, -41.15362], [172.465779, -41.135655]]]}}, {"type": "Feature", "properties": {"landuse": "quarry"}, "geometry": {"type": "Polygon", "coordinates": [[[173.238238, -41.843813], [173.233712, -41.826922], [173.221346, -41.814557], [173.204455, -41.810031], [173.187564, -41.814557], [173.175199, -41.826922], [173.170673, -41.843813], [173.175199, -41.860704], [173.187564, -41.87307], [173.204455, -41.877596], [173.221346, -41.87307], [173.233712, -41.860704], [173.238238, -41.843813]]]}}, {"type": "Feature", "properties": {"landuse": "meadow"}, "geometry": {"type": "Polygon", "coordinates": [[[172.471538, -41.165085], [172.467275, -41.149176], [172.455628, -41.137529], [172.439719, -41.133266], [172.423809, -41.137529], [172.412163, -41.149176], [172.4079, -41.165085], [172.412163, -41.180995], [172.423809, -41.192641], [172.439719, -41.196904], [172.455628, -41.192641], [172.467275, -41.180995], [172.471538, -41.165085]]]}}, {"type": "Feature", "properties": {"landuse": "farmland"}, "geometry": {"type": "Polygon", "coordinates": [[[173.155143, -41.904844], [173.150802, -41.888646], [173.138945, -41.876789], [173.122747, -41.872448], [173.106549, -41.876789], [173.094691, -41.888646], [173.090351, -41.904844], [173.094691, -41.921042], [173.106549, -41.9329], [173.122747, -41.93724], [173.138945, -41.9329], [173.150802, -41.921042], [173.155143, -41.904844]]]}}, {"type": "Feature", "properties": {"landuse": "industrial"}, "geometry": {"type": "Polygon", "coordinates": [[[172.385791, -42.095596], [172.380102, -42.074365], [172.36456, -42.058823], [172.343329, -42.053134], [172.322098, -42.058823], [172.306556, -42.074365], [172.300867, -42.095596], [172.306556, -42.116827], [172.322098, -42.132369], [172.343329, -42.138058], [172.36456, -42.132369], [172.380102, -42.116827], [172.385791, -42.095596]]]}}, {"type": "Feature", "properties": {"landuse": "industrial"}, "geometry": {"type": "Polygon", "coordinates": [[[172.715187, -41.949756], [172.709905, -41.930045], [172.695476, -41.915616], [172.675765, -41.910334], [172.656054, -41.915616], [172.641624, -41.930045], [172.636343, -41.949756], [172.641624, -41.969467], [172.656054, -41.983896], [172.675765, -41.989178], [172.695476, -41.983896], [172.709905, -41.969467], [172.715187, -41.949756]]]}}, {"type": "Feature", "properties": {"landuse": "quarry"}, "geometry": {"type": "Polygon", "coordinates": [[[174.083405, -41.835216], [174.081602, -41.828489], [174.076678, -41.823565], [174.069951, -41.821762], [174.063224, -41.823565], [174.058299, -41.828489], [174.056497, -41.835216], [174.058299, -41.841943], [174.063224, -41.846868], [174.069951, -41.84867], [174.076678, -41.846868], [174.081602, -41.841943], [174.083405, -41.835216]]]}}, {"type": "Feature", "properties": {"landuse": "forest"}, "geometry": {"type": "Polygon", "coordinates": [[[172.973757, -41.212837], [172.968504, -41.193234], [172.954154, -41.178883], [172.93455, -41.17363], [172.914947, -41.178883], [172.900596, -41.193234], [172.895343, -41.212837], [172.900596, -41.232441], [172.914947, -41.246791], [172.93455, -41.252044], [172.954154, -41.246791], [172.968504, -41.232441], [172.973757, -41.212837]]]}}, {"type": "Feature", "properties": {"landuse": "meadow"}, "geometry": {"type": "Polygon", "coordinates": [[[172.483978, -41.428798], [172.480981, -41.417614], [172.472794, -41.409427], [172.46161, -41.40643], [172.450426, -41.409427], [172.442238, -41.417614], [172.439241, -41.428798], [172.442238, -41.439982], [172.450426, -41.44817], [172.46161, -41.451167], [172.472794, -41.44817], [172.480981, -41.439982], [172.483978, -41.428798]]]}}, {"type": "Feature", "properties": {"landuse": "farmland"}, "geometry": {"type": "Polygon", "coordinates": [[[172.615224, -41.827713], [172.60864, -41.803141], [172.590653, -41.785154], [172.566081, -41.77857], [172.54151, -41.785154], [172.523522, -41.803141], [172.516939, -41.827713], [172.523522, -41.852284], [172.54151, -41.870272], [172.566081, -41.876855], [172.590653, -41.870272], [172.60864, -41.852284], [172.615224, -41.827713]]]}}, {"type": "Feature", "properties": {"landuse": "quarry"}, "geometry": {"type": "Polygon", "coordinates": [[[172.327046, -41.189994], [172.325097, -41.182721], [172.319772, -41.177397], [172.312499, -41.175448], [172.305226, -41.177397], [172.299901, -41.182721], [172.297952, -41.189994], [172.299901, -41.197268], [172.305226, -41.202592], [172.312499, -41.204541], [172.319772, -41.202592], [172.325097, -41.197268], [172.327046, -41.189994]]]}}, {"type": "Feature", "properties": {"landuse": "quarry"}, "geometry": {"type": "Polygon", "coordinates": [[[172.734337, -41.56245], [172.727725, -41.537775], [172.709662, -41.519712], [172.684988, -41.513101], [172.660313, -41.519712], [172.64225, -41.537775], [172.635639, -41.56245], [172.64225, -41.587124], [172.660313, -41.605187], [172.684988, -41.611799], [172.709662, -41.605187], [172.727725, -41.587124], [172.734337, -41.56245]]]}}, {"type": "Feature", "properties": {"landuse": "forest"}, "geometry": {"type": "Polygon", "coordinates": [[[173.374465, -41.352991], [173.36906, -41.332819], [173.354293, -41.318052], [173.334121, -41.312647], [173.313949, -41.318052], [173.299182, -41.332819], [173.293777, -41.352991], [173.299182, -41.373163], [173.313949, -41.38793], [173.334121, -41.393335], [173.354293, -41.38793], [173.36906, -41.373163], [173.374465, -41.352991]]]}}, {"type": "Feature", "properties": {"landuse": "forest"}, "geometry": {"type": "Polygon", "coordinates": [[[173.981834, -42.104626], [173.976654, -42.085292], [173.962501, -42.071139], [173.943167, -42.065959], [173.923834, -42.071139], [173.909681, -42.085292], [173.904501, -42.104626], [173.909681, -42.123959], [173.923834, -42.138112], [173.943167, -42.143293], [173.962501, -42.138112], [173.976654, -42.123959], [173.981834, -42.104626]]]}}, {"type": "Feature", "properties": {"landuse": "forest"}, "geometry": {"type": "Polygon", "coordinates": [[[173.552668, -41.262047], [173.546446, -41.238824], [173.529445, -41.221823], [173.506221, -41.2156], [173.482998, -41.221823], [173.465997, -41.238824], [173.459774, -41.262047], [173.465997, -41.285271], [173.482998, -41.302271], [173.506221, -41.308494], [173.529445, -41.302271], [173.546446, -41.285271], [173.552668, -41.262047]]]}}, {"type": "Feature", "properties": {"landuse": "farmland"}, "geometry": {"type": "Polygon", "coordinates": [[[172.65133, -42.231296], [172.647623, -42.217461], [172.637496, -42.207333], [172.623661, -42.203626], [172.609826, -42.207333], [172.599698, -42.217461], [172.595991, -42.231296], [172.599698, -42.24513], [172.609826, -42.255258], [172.623661, -42.258965], [172.637496, -42.255258], [172.647623, -42.24513], [172.65133, -42.231296]]]}}, {"type": "Feature", "properties": {"landuse": "meadow"}, "geometry": {"type": "Polygon", "coordinates": [[[172.778703, -41.460643], [172.775496, -41.448673], [172.766733, -41.439911], [172.754763, -41.436703], [172.742794, -41.439911], [172.734031, -41.448673], [172.730824, -41.460643], [172.734031, -41.472612], [172.742794, -41.481375], [172.754763, -41.484582], [172.766733, -41.481375], [172.775496, -41.472612], [172.778703, -41.460643]]]}}, {"type": "Feature", "properties": {"landuse": "industrial"}, "geometry": {"type": "Polygon", "coordinates": [[[173.004643, -41.294562], [173.00243, -41.286303], [172.996384, -41.280258], [172.988126, -41.278045], [172.979867, -41.280258], [172.973821, -41.286303], [172.971608, -41.294562], [172.973821, -41.302821], [172.979867, -41.308867], [172.988126, -41.311079], [172.996384, -41.308867], [173.00243, -41.302821], [173.004643, -41.294562]]]}}, {"type": "Feature", "properties": {"landuse": "meadow"}, "geometry": {"type": "Polygon", "coordinates": [[[173.721967, -42.104188], [173.715299, -42.079303], [173.697082, -42.061086], [173.672197, -42.054418], [173.647312, -42.061086], [173.629094, -42.079303], [173.622426, -42.104188], [173.629094, -42.129074], [173.647312, -42.147291], [173.672197, -42.153959], [173.697082, -42.147291], [173.715299, -42.129074], [173.721967, -42.104188]]]}}, {"type": "Feature", "properties": {"landuse": "forest"}, "geometry": {"type": "Polygon", "coordinates": [[[172.82005, -41.399697], [172.8165, -41.386449], [172.806801, -41.37675], [172.793553, -41.3732], [172.780305, -41.37675], [172.770606, -41.386449], [172.767056, -41.399697], [172.770606, -41.412945], [172.780305, -41.422644], [172.793553, -41.426194], [172.806801, -41.422644], [172.8165, -41.412945], [172.82005, -41.399697]]]}}, {"type": "Feature", "properties": {"landuse": "meadow"}, "geometry": {"type": "Polygon", "coordinates": [[[172.937555, -41.752767], [172.934303, -41.740631], [172.925419, -41.731747], [172.913283, -41.728495], [172.901147, -41.731747], [172.892263, -41.740631], [172.889011, -41.752767], [172.892263, -41.764903], [172.901147, -41.773787], [172.913283, -41.777038], [172.925419, -41.773787], [172.934303, -41.764903], [172.937555, -41.752767]]]}}, {"type": "Feature", "properties": {"landuse": "meadow"}, "geometry": {"type": "Polygon", "coordinates": [[[172.322667, -42.025204], [172.320048, -42.015429], [172.312891, -42.008273], [172.303116, -42.005653], [172.29334, -42.008273], [172.286184, -42.015429], [172.283564, -42.025204], [172.286184, -42.03498], [172.29334, -42.042136], [172.303116, -42.044756], [172.312891, -42.042136], [172.320048, -42.03498], [172.322667, -42.025204]]]}}, {"type": "Feature", "properties": {"landuse": "meadow"}, "geometry": {"type": "Polygon", "coordinates": [[[173.744473, -41.73842], [173.742571, -41.731323], [173.737375, -41.726127], [173.730278, -41.724226], [173.723181, -41.726127], [173.717986, -41.731323], [173.716084, -41.73842], [173.717986, -41.745517], [173.723181, -41.750712], [173.730278, -41.752614], [173.737375, -41.750712], [173.742571, -41.745517], [173.744473, -41.73842]]]}}, {"type": "Feature", "properties": {"landuse": "forest"}, "geometry": {"type": "Polygon", "coordinates": [[[173.077572, -41.504344], [173.075888, -41.498059], [173.071287, -41.493458], [173.065002, -41.491774], [173.058716, -41.493458], [173.054115, -41.498059], [173.052431, -41.504344], [173.054115, -41.510629], [173.058716, -41.51523], [173.065002, -41.516914], [173.071287, -41.51523], [173.075888, -41.510629], [173.077572, -41.504344]]]}}, {"type": "Feature", "properties": {"landuse": "quarry"}, "geometry": {"type": "Polygon", "coordinates": [[[174.069396, -41.293337], [174.065211, -41.277718], [174.053778, -41.266285], [174.038159, -41.2621], [174.022541, -41.266285], [174.011108, -41.277718], [174.006923, -41.293337], [174.011108, -41.308955], [174.022541, -41.320389], [174.038159, -41.324573], [174.053778, -41.320389], [174.065211, -41.308955], [174.069396, -41.293337]]]}}, {"type": "Feature", "properties": {"landuse": "quarry"}, "geometry": {"type": "Polygon", "coordinates": [[[172.788177, -42.200752], [172.781846, -42.177124], [172.764549, -42.159827], [172.740921, -42.153496], [172.717294, -42.159827], [172.699997, -42.177124], [172.693666, -42.200752], [172.699997, -42.22438], [172.717294, -42.241677], [172.740921, -42.248008], [172.764549, -42.241677], [172.781846, -42.22438], [172.788177, -42.200752]]]}}, {"type": "Feature", "properties": {"landuse": "farmland"}, "geometry": {"type": "Polygon", "coordinates": [[[173.555219, -42.260921], [173.553398, -42.254128], [173.548426, -42.249155], [173.541633, -42.247335], [173.53484, -42.249155], [173.529867, -42.254128], [173.528047, -42.260921], [173.529867, -42.267714], [173.53484, -42.272686], [173.541633, -42.274506], [173.548426, -42.272686], [173.553398, -42.267714], [173.555219, -42.260921]]]}}, {"type": "Feature", "properties": {"landuse": "meadow"}, "geometry": {"type": "Polygon", "coordinates": [[[172.737935, -42.006086], [172.731849, -41.983372], [172.715221, -41.966745], [172.692508, -41.960659], [172.669795, -41.966745], [172.653167, -41.983372], [172.647081, -42.006086], [172.653167, -42.028799], [172.669795, -42.045426], [172.692508, -42.051512], [172.715221, -42.045426], [172.731849, -42.028799], [172.737935, -42.006086]]]}}, {"type": "Feature", "properties": {"landuse": "quarry"}, "geometry": {"type": "Polygon", "coordinates": [[[173.124405, -41.241997], [173.117987, -41.218043], [173.100452, -41.200508], [173.076499, -41.19409], [173.052545, -41.200508], [173.03501, -41.218043], [173.028592, -41.241997], [173.03501, -41.26595], [173.052545, -41.283485], [173.076499, -41.289903], [173.100452, -41.283485], [173.117987, -41.26595], [173.124405, -41.241997]]]}}, {"type": "Feature", "properties": {"landuse": "meadow"}, "geometry": {"type": "Polygon", "coordinates": [[[173.126011, -41.924255], [173.12097, -41.905442], [173.107198, -41.89167], [173.088386, -41.886629], [173.069573, -41.89167], [173.055801, -41.905442], [173.05076, -41.924255], [173.055801, -41.943067], [173.069573, -41.956839], [173.088386, -41.96188], [173.107198, -41.956839], [173.12097, -41.943067], [173.126011, -41.924255]]]}}, {"type": "Feature", "properties": {"landuse": "forest"}, "geometry": {"type": "Polygon", "coordinates": [[[173.675924, -41.398188], [173.673206, -41.388045], [173.665781, -41.38062], [173.655639, -41.377903], [173.645496, -41.38062], [173.638071, -41.388045], [173.635354, -41.398188], [173.638071, -41.40833], [173.645496, -41.415755], [173.655639, -41.418473], [173.665781, -41.415755], [173.673206, -41.40833], [173.675924, -41.398188]]]}}, {"type": "Feature", "properties": {"landuse": "quarry"}, "geometry": {"type": "Polygon", "coordinates": [[[172.500819, -42.13949], [172.496043, -42.121668], [172.482996, -42.10862], [172.465173, -42.103845], [172.44735, -42.10862], [172.434303, -42.121668], [172.429528, -42.13949], [172.434303, -42.157313], [172.44735, -42.17036], [172.465173, -42.175136], [172.482996, -42.17036], [172.496043, -42.157313], [172.500819, -42.13949]]]}}, {"type": "Feature", "properties": {"landuse": "forest"}, "geometry": {"type": "Polygon", "coordinates": [[[174.069408, -41.871952], [174.0649, -41.85513], [174.052585, -41.842815], [174.035763, -41.838307], [174.01894, -41.842815], [174.006625, -41.85513], [174.002117, -41.871952], [174.006625, -41.888775], [174.01894, -41.90109], [174.035763, -41.905597], [174.052585, -41.90109], [174.0649, -41.888775], [174.069408, -41.871952]]]}}, {"type": "Feature", "properties": {"landuse": "forest"}, "geometry": {"type": "Polygon", "coordinates": [[[173.398301, -41.9339], [173.395333, -41.922822], [173.387223, -41.914712], [173.376145, -41.911744], [173.365067, -41.914712], [173.356958, -41.922822], [173.353989, -41.9339], [173.356958, -41.944978], [173.365067, -41.953087], [173.376145, -41.956056], [173.387223, -41.953087], [173.395333, -41.944978], [173.398301, -41.9339]]]}}, {"type": "Feature", "properties": {"landuse": "forest"}, "geometry": {"type": "Polygon", "coordinates": [[[173.626215, -41.742814], [173.624481, -41.736345], [173.619746, -41.73161], [173.613277, -41.729876], [173.606808, -41.73161], [173.602072, -41.736345], [173.600339, -41.742814], [173.602072, -41.749283], [173.606808, -41.754019], [173.613277, -41.755752], [173.619746, -41.754019], [173.624481, -41.749283], [173.626215, -41.742814]]]}}, {"type": "Feature", "properties": {"landuse": "quarry"}, "geometry": {"type": "Polygon", "coordinates": [[[172.585766, -41.235435], [172.58178, -41.220561], [172.570892, -41.209673], [172.556018, -41.205687], [172.541144, -41.209673], [172.530256, -41.220561], [172.52627, -41.235435], [172.530256, -41.250309], [172.541144, -41.261197], [172.556018, -41.265183], [172.570892, -41.261197], [172.58178, -41.250309], [172.585766, -41.235435]]]}}, {"type": "Feature", "properties": {"landuse": "farmland"}, "geometry": {"type": "Polygon", "coordinates": [[[173.578347, -41.428145], [173.572884, -41.407756], [173.557958, -41.392831], [173.53757, -41.387368], [173.517181, -41.392831], [173.502255, -41.407756], [173.496792, -41.428145], [173.502255, -41.448534], [173.517181, -41.463459], [173.53757, -41.468923], [173.557958, -41.463459], [173.572884, -41.448534], [173.578347, -41.428145]]]}}, {"type": "Feature", "properties": {"landuse": "farmland"}, "geometry": {"type": "Polygon", "coordinates": [[[173.945604, -41.405926], [173.942149, -41.393031], [173.932709, -41.38359], [173.919813, -41.380135], [173.906918, -41.38359], [173.897477, -41.393031], [173.894022, -41.405926], [173.897477, -41.418822], [173.906918, -41.428262], [173.919813, -41.431718], [173.932709, -41.428262], [173.942149, -41.418822], [173.945604, -41.405926]]]}}, {"type": "Feature", "properties": {"landuse": "industrial"}, "geometry": {"type": "Polygon", "coordinates": [[[173.114664, -41.973975], [173.112816, -41.967078], [173.107767, -41.96203], [173.10087, -41.960182], [173.093973, -41.96203], [173.088924, -41.967078], [173.087076, -41.973975], [173.088924, -41.980872], [173.093973, -41.985921], [173.10087, -41.987769], [173.107767, -41.985921], [173.112816, -41.980872], [173.114664, -41.973975]]]}}, {"type": "Feature", "properties": {"landuse": "farmland"}, "geometry": {"type": "Polygon", "coordinates": [[[172.927451, -42.098743], [172.925947, -42.09313], [172.921837, -42.08902], [172.916223, -42.087516], [172.910609, -42.08902], [172.906499, -42.09313], [172.904995, -42.098743], [172.906499, -42.104357], [172.910609, -42.108467], [172.916223, -42.109971], [172.921837, -42.108467], [172.925947, -42.104357], [172.927451, -42.098743]]]}}, {"type": "Feature", "properties": {"landuse": "meadow"}, "geometry": {"type": "Polygon", "coordinates": [[[172.515866, -41.350646], [172.512646, -41.338631], [172.503851, -41.329835], [172.491836, -41.326616], [172.479821, -41.329835], [172.471025, -41.338631], [172.467805, -41.350646], [172.471025, -41.362661], [172.479821, -41.371457], [172.491836, -41.374676], [172.503851, -41.371457], [172.512646, -41.362661], [172.515866, -41.350646]]]}}, {"type": "Feature", "properties": {"landuse": "forest"}, "geometry": {"type": "Polygon", "coordinates": [[[172.817366, -41.111766], [172.815009, -41.102967], [172.808567, -41.096526], [172.799768, -41.094169], [172.790969, -41.096526], [172.784528, -41.102967], [172.78217, -41.111766], [172.784528, -41.120565], [172.790969, -41.127007], [172.799768, -41.129364], [172.808567, -41.127007], [172.815009, -41.120565], [172.817366, -41.111766]]]}}, {"type": "Feature", "properties": {"landuse": "meadow"}, "geometry": {"type": "Polygon", "coordinates": [[[172.617943, -41.891097], [172.613458, -41.874357], [172.601204, -41.862103], [172.584464, -41.857618], [172.567724, -41.862103], [172.55547, -41.874357], [172.550985, -41.891097], [172.55547, -41.907837], [172.567724, -41.920091], [172.584464, -41.924576], [172.601204, -41.920091], [172.613458, -41.907837], [172.617943, -41.891097]]]}}, {"type": "Feature", "properties": {"landuse": "forest"}, "geometry": {"type": "Polygon", "coordinates": [[[172.638978, -41.272391], [172.637118, -41.265449], [172.632036, -41.260367], [172.625094, -41.258507], [172.618152, -41.260367], [172.61307, -41.265449], [172.61121, -41.272391], [172.61307, -41.279333], [172.618152, -41.284415], [172.625094, -41.286275], [172.632036, -41.284415], [172.637118, -41.279333], [172.638978, -41.272391]]]}}, {"type": "Feature", "properties": {"landuse": "farmland"}, "geometry": {"type": "Polygon", "coordinates": [[[173.022206, -41.882673], [173.017814, -41.866281], [173.005814, -41.854281], [172.989421, -41.849889], [172.973029, -41.854281], [172.961029, -41.866281], [172.956636, -41.882673], [172.961029, -41.899066], [172.973029, -41.911066], [172.989421, -41.915458], [173.005814, -41.911066], [173.017814, -41.899066], [173.022206, -41.882673]]]}}, {"type": "Feature", "properties": {"landuse": "farmland"}, "geometry": {"type": "Polygon", "coordinates": [[[172.432431, -41.455062], [172.429653, -41.444695], [172.422064, -41.437107], [172.411698, -41.434329], [172.401331, -41.437107], [172.393743, -41.444695], [172.390965, -41.455062], [172.393743, -41.465428], [172.401331, -41.473017], [172.411698, -41.475795], [172.422064, -41.473017], [172.429653, -41.465428], [172.432431, -41.455062]]]}}, {"type": "Feature", "properties": {"landuse": "farmland"}, "geometry": {"type": "Polygon", "coordinates": [[[174.016585, -41.526443], [174.012339, -41.5106], [174.000741, -41.499002], [173.984897, -41.494756], [173.969054, -41.499002], [173.957456, -41.5106], [173.95321, -41.526443], [173.957456, -41.542287], [173.969054, -41.553885], [173.984897, -41.558131], [174.000741, -41.553885], [174.012339, -41.542287], [174.016585, -41.526443]]]}}, {"type": "Feature", "properties": {"landuse": "meadow"}, "geometry": {"type": "Polygon", "coordinates": [[[172.569114, -42.045575], [172.566425, -42.035542], [172.559081, -42.028197], [172.549048, -42.025509], [172.539015, -42.028197], [172.53167, -42.035542], [172.528982, -42.045575], [172.53167, -42.055608], [172.539015, -42.062953], [172.549048, -42.065641], [172.559081, -42.062953], [172.566425, -42.055608], [172.569114, -42.045575]]]}}, {"type": "Feature", "properties": {"landuse": "farmland"}, "geometry": {"type": "Polygon", "coordinates": [[[172.644111, -41.89582], [172.638096, -41.873372], [172.621663, -41.856939], [172.599215, -41.850924], [172.576767, -41.856939], [172.560334, -41.873372], [172.554319, -41.89582], [172.560334, -41.918269], [172.576767, -41.934702], [172.599215, -41.940717], [172.621663, -41.934702], [172.638096, -41.918269], [172.644111, -41.89582]]]}}, {"type": "Feature", "properties": {"landuse": "farmland"}, "geometry": {"type": "Polygon", "coordinates": [[[172.854095, -41.556928], [172.848656, -41.536632], [172.833799, -41.521774], [172.813503, -41.516336], [172.793207, -41.521774], [172.77835, -41.536632], [172.772912, -41.556928], [172.77835, -41.577223], [172.793207, -41.592081], [172.813503, -41.597519], [172.833799, -41.592081], [172.848656, -41.577223], [172.854095, -41.556928]]]}}, {"type": "Feature", "properties": {"landuse": "meadow"}, "geometry": {"type": "Polygon", "coordinates": [[[173.508009, -42.163947], [173.502582, -42.143694], [173.487756, -42.128868], [173.467503, -42.123441], [173.44725, -42.128868], [173.432424, -42.143694], [173.426997, -42.163947], [173.432424, -42.1842], [173.44725, -42.199026], [173.467503, -42.204452], [173.487756, -42.199026], [173.502582, -42.1842], [173.508009, -42.163947]]]}}, {"type": "Feature", "properties": {"landuse": "forest"}, "geometry": {"type": "Polygon", "coordinates": [[[172.754092, -42.171446], [172.751343, -42.161187], [172.743834, -42.153678], [172.733575, -42.150929], [172.723317, -42.153678], [172.715807, -42.161187], [172.713058, -42.171446], [172.715807, -42.181704], [172.723317, -42.189214], [172.733575, -42.191963], [172.743834, -42.189214], [172.751343, -42.181704], [172.754092, -42.171446]]]}}, {"type": "Feature", "properties": {"landuse": "farmland"}, "geometry": {"type": "Polygon", "coordinates": [[[172.434484, -41.896363], [172.428662, -41.874634], [172.412755, -41.858728], [172.391027, -41.852906], [172.369298, -41.858728], [172.353392, -41.874634], [172.34757, -41.896363], [172.353392, -41.918091], [172.369298, -41.933998], [172.391027, -41.93982], [172.412755, -41.933998], [172.428662, -41.918091], [172.434484, -41.896363]]]}}, {"type": "Feature", "properties": {"landuse": "forest"}, "geometry": {"type": "Polygon", "coordinates": [[[172.836811, -41.667106], [172.832859, -41.652357], [172.822063, -41.641561], [172.807314, -41.637609], [172.792566, -41.641561], [172.781769, -41.652357], [172.777817, -41.667106], [172.781769, -41.681855], [172.792566, -41.692651], [172.807314, -41.696603], [172.822063, -41.692651], [172.832859, -41.681855], [172.836811, -41.667106]]]}}, {"type": "Feature", "properties": {"landuse": "forest"}, "geometry": {"type": "Polygon", "coordinates": [[[173.141665, -41.953827], [173.139823, -41.946952], [173.134791, -41.94192], [173.127916, -41.940078], [173.121041, -41.94192], [173.116009, -41.946952], [173.114166, -41.953827], [173.116009, -41.960702], [173.121041, -41.965734], [173.127916, -41.967576], [173.134791, -41.965734], [173.139823, -41.960702], [173.141665, -41.953827]]]}}, {"type": "Feature", "properties": {"landuse": "industrial"}, "geometry": {"type": "Polygon", "coordinates": [[[173.219326, -42.207701], [173.21311, -42.184504], [173.196129, -42.167523], [173.172932, -42.161307], [173.149735, -42.167523], [173.132754, -42.184504], [173.126538, -42.207701], [173.132754, -42.230898], [173.149735, -42.24788], [173.172932, -42.254095], [173.196129, -42.24788], [173.21311, -42.230898], [173.219326, -42.207701]]]}}, {"type": "Feature", "properties": {"landuse": "meadow"}, "geometry": {"type": "Polygon", "coordinates": [[[173.105195, -41.241973], [173.103491, -41.235614], [173.098837, -41.23096], [173.092479, -41.229256], [173.086121, -41.23096], [173.081466, -41.235614], [173.079763, -41.241973], [173.081466, -41.248331], [173.086121, -41.252985], [173.092479, -41.254689], [173.098837, -41.252985], [173.103491, -41.248331], [173.105195, -41.241973]]]}}, {"type": "Feature", "properties": {"landuse": "forest"}, "geometry": {"type": "Polygon", "coordinates": [[[173.122594, -41.386896], [173.11944, -41.375125], [173.110823, -41.366508], [173.099052, -41.363354], [173.087281, -41.366508], [173.078664, -41.375125], [173.07551, -41.386896], [173.078664, -41.398667], [173.087281, -41.407284], [173.099052, -41.410438], [173.110823, -41.407284], [173.11944, -41.398667], [173.122594, -41.386896]]]}}, {"type": "Feature", "properties": {"landuse": "quarry"}, "geometry": {"type": "Polygon", "coordinates": [[[172.468499, -41.366886], [172.463171, -41.347001], [172.448615, -41.332445], [172.42873, -41.327117], [172.408846, -41.332445], [172.39429, -41.347001], [172.388962, -41.366886], [172.39429, -41.38677], [172.408846, -41.401327], [172.42873, -41.406655], [172.448615, -41.401327], [172.463171, -41.38677], [172.468499, -41.366886]]]}}]}